batter_name,cluster_global_id,pitch_group,component,n_admissible,n_attempted_decode_rows,converged,stopped_reason,n_soft_capped,max_EV_before,max_EV_after,p99_EV_before,p99_EV_after,mean_xwOBAcon,std_xwOBAcon,mean_EV,mean_EV_dec,mean_LA,mean_SA
nolan arenado,0,4F,0,2816,2816,True,split_half_stability,633,134.7364945880222,120.98201310351565,118.03702717928338,116.04369199508095,0.5622150137120715,0.552743880881373,91.47266596621272,88.93879550974242,22.36055929737631,-4.018797190506555
nolan arenado,1,4F,1,8192,8192,True,split_half_stability,2029,132.81716209222483,120.9590101323221,118.00600931918099,115.99434685460074,0.5587608417532757,0.6012462146493603,91.90015342948476,89.47635930535992,29.684746323289602,-4.4109765136234955
nolan arenado,2,4F,2,2048,2048,True,split_half_stability,161,129.2194501054213,118.5359839498387,118.46021415861506,110.07193209195013,0.44787741428678934,0.43209931692658393,85.38059550448241,89.40292399668165,21.642079638709635,-4.024943050586444
nolan arenado,3,4F,3,1792,1792,True,split_half_stability,396,126.90332438094532,120.61507569107589,117.1646995026737,115.67749073998087,0.5557027946746421,0.5591023383441655,91.20707374428684,88.21556508951555,23.501583816742123,-4.691764894744275
nolan arenado,4,4F,4,8192,8192,False,max_admissible,1920,144.85297363752397,120.99976903985902,116.84498769951459,115.21202746417323,0.5629632968466332,0.5906552159916756,91.9228562403251,89.32679756550917,27.88372608390562,-6.406875334872126
nolan arenado,5,4F,5,6144,6144,True,split_half_stability,955,127.66282027938554,120.27613880960871,116.32058924998556,112.98223333490698,0.48553752538249895,0.5324492349248259,88.96915291085496,88.03001016663704,29.047912493439394,-0.16053307398290903
nolan arenado,6,4F,6,8192,8192,False,max_admissible,1867,135.77325480673974,120.98941459081036,117.93749048063204,116.13346823291126,0.5600441743713854,0.5701448025096014,91.46931497403426,88.72204472356205,24.35058654830273,-7.3195632164974
nolan arenado,7,4F,7,2560,2560,True,split_half_stability,310,125.51703961472454,118.28687303106655,114.95646813786297,109.89818599099631,0.4758854212308677,0.47824440824042586,87.22004349952257,88.26821584441511,23.833137358873905,-3.2495969414827415
nolan arenado,8,4F,8,8192,8192,False,max_admissible,1762,132.21590287411254,120.9452974801433,117.32358462556975,115.38741242901465,0.5360257249130345,0.5542473568060503,90.9356257402311,88.4210834332915,24.386688552021656,-3.147654756653651
nolan arenado,9,4F,9,8192,8192,False,max_admissible,2598,135.786295787444,120.9885694696712,120.2073695921888,117.66348244546526,0.6309468974116191,0.6310863649263856,94.39934110577404,92.37592490740741,25.821990737207248,-8.255975980438507
nolan arenado,10,2F,0,8192,8192,False,max_admissible,1986,132.66341628841462,120.95537441889002,116.74399887296097,114.95169214977757,0.5668883115202743,0.49866847515651525,92.52586489153897,90.25386799711998,11.070751100937958,-2.642211543012081
nolan arenado,11,2F,1,3328,3328,True,split_half_stability,935,136.08843682594147,120.99614056364386,117.46938629194379,117.32562356690667,0.5906425145714906,0.5087468608791781,93.45585132345042,89.00664038049685,9.45860295322254,-6.765237687034152
nolan arenado,12,2F,2,2304,2304,True,split_half_stability,122,126.34041894134594,116.49429854547822,115.60001700134586,107.58459644074237,0.45098277431327577,0.3990819112790612,83.5763193368899,87.35251280341461,14.41588041049743,-7.299818912120019
nolan arenado,13,2F,3,2304,2304,True,split_half_stability,541,131.95218463509386,120.93631901098396,117.80909187491736,115.69436285085227,0.570053045456269,0.5121217701033349,91.99715510745608,89.7745522183443,11.8643708556556,-7.480829697120094
nolan arenado,14,2F,4,8192,8192,False,max_admissible,1375,134.6780004215081,120.8910567732609,118.40980404615705,112.90226791887898,0.5320848201178454,0.45843703882209735,89.63870274592605,91.0043085252886,10.021295813285509,-3.844238232898192
nolan arenado,15,2F,5,8192,8192,False,max_admissible,235,136.0200559568238,119.69733576572366,116.89005973455785,104.90977221619735,0.43431826950832875,0.3527042390659621,80.74204370814492,88.45713558328316,12.58784137746655,-7.139886442327736
nolan arenado,16,2F,6,8192,8192,False,max_admissible,1635,131.37158139132006,120.869512551806,117.44434689981412,114.47732015212235,0.5539300778015901,0.47919941497558594,90.39053438047904,89.02429317119423,7.642568041394711,-7.661666733111417
nolan arenado,17,2F,7,8192,8192,False,max_admissible,1404,152.2174936085227,120.99996028435258,117.88251176406811,113.42328474498781,0.5647060580364809,0.47932428894191087,89.64475692086485,89.86215848076039,7.753546651803425,-14.254635139305492
nolan arenado,18,2F,8,5120,5120,True,split_half_stability,1079,131.79358795606262,120.92732196688274,118.0100456783758,115.72853202687631,0.5581299457491354,0.4859541348627479,90.99715830226334,88.75176602333342,9.418844551357356,-8.061735141674944
nolan arenado,19,CF,0,2048,2048,True,split_half_stability,463,132.2860978515828,120.96899919617749,116.58937215023319,115.81999235602476,0.5571827148976882,0.536655792857657,91.15721678335396,87.41127956681234,13.180462098222918,-7.0806191564033725
nolan arenado,20,CF,1,5888,5888,True,split_half_stability,1552,133.93683222529734,120.98900719013695,117.12347714503238,116.84312188194694,0.5652370853007377,0.5588134278472027,92.50174959303865,88.19390854097718,17.142693115679265,-5.013880488949642
nolan arenado,21,CF,2,3328,3328,True,split_half_stability,522,128.94058268547508,120.67251245907701,117.41033836173608,114.5702418669422,0.5285955781937457,0.4902737519220059,88.22406759845629,86.32588363672342,11.98119448050647,-10.86621311163785
nolan arenado,22,CF,3,7424,7424,True,split_half_stability,474,129.8266358907374,118.65749270002968,116.32807544805301,107.92288480834982,0.42945686654137544,0.3881512937679231,83.35907414240107,87.42652518814958,11.516403154390895,-6.444304198693521
nolan arenado,23,CF,4,6144,6144,True,split_half_stability,503,132.30457039354465,120.36032688512404,115.53298750197288,108.69143769175801,0.4697111997057708,0.4570783580960958,85.11042677948136,87.78650288282519,17.27354416422704,-10.986370546351585
nolan arenado,24,CF,5,4864,4864,True,split_half_stability,707,136.79806515775255,120.97249655470154,117.10071151719248,112.78351086196348,0.4905399520754212,0.4815972501747593,87.81638530312377,87.6950107826894,16.87157082934457,-5.391913125417073
nolan arenado,25,CF,6,8192,8192,False,max_admissible,1649,130.64361989643578,120.91860755801453,117.08591071274442,115.69238818881381,0.5489587499860317,0.5428619110792922,90.16908322179965,86.89732006474341,19.59998539187312,-12.756720296879053
nolan arenado,26,CF,7,8192,8192,False,max_admissible,1861,127.53281906856245,120.79006119835084,117.55809906049592,116.67885262604425,0.5514080916093193,0.547603164510954,91.36395993931468,87.50079169719709,20.08299006592501,-6.037202698258284
nolan arenado,27,S,0,8192,8192,False,max_admissible,1172,132.53549810315363,120.93014217106862,114.49616520333444,112.31424063285635,0.5506081571206144,0.5274758613597134,87.95842289293086,85.81541447081011,19.16361056897185,-16.50514114763655
nolan arenado,28,S,1,3328,3328,True,split_half_stability,384,137.86391770070807,120.9873052553976,114.30662914766026,111.07534030158509,0.5060226280551118,0.48036346257712303,86.01226763041667,84.8122039767797,16.721171119654365,-13.6793830263743
nolan arenado,29,S,2,3328,3328,True,split_half_stability,427,129.1198851511847,120.59198968389005,114.76953999215988,111.75420729679877,0.5164978301330295,0.4900395380997823,86.4013112021854,84.92286089740135,12.303185381752453,-10.9565939234915
nolan arenado,30,S,3,4096,4096,True,split_half_stability,580,125.82362623619642,120.17310779027835,113.88922132977565,112.1702023140188,0.5271337223342505,0.5136241356296293,87.57479995913397,84.92778897713004,16.169987835558587,-12.672848268798987
nolan arenado,31,S,4,6144,6144,True,split_half_stability,678,126.87084217671246,120.4338119789513,113.22624859233775,111.617837537743,0.5085352872680838,0.5200432302154101,86.06576160801346,83.14614004143397,22.658456653662657,-14.521859891212918
nolan arenado,32,S,5,2560,2560,True,split_half_stability,387,139.87959955695578,120.99652438953788,117.11059461177229,114.2840213732838,0.5273346502872875,0.5177449535888414,87.89116081941953,85.98993973133288,15.39994032658144,-12.031961469964154
nolan arenado,33,S,6,8192,8192,False,max_admissible,957,130.13402863425839,120.73187506561162,115.38326289183998,112.31895723143663,0.5227232520188119,0.46237037630376837,85.3611135119335,83.64117338055914,7.755764267017564,-15.193003472616141
nolan arenado,34,S,7,8192,8192,False,max_admissible,967,131.1938679639054,120.67701081078059,117.16702397406095,112.53089779619411,0.4856534449435509,0.47299757583475244,86.49843200440827,86.51069801436188,15.482799589493833,-10.938069357104496
nolan arenado,35,S,8,8192,8192,False,max_admissible,268,137.66169182454058,120.48039923247909,117.08588023621527,105.93974800533553,0.42917831039857235,0.3799519044807105,80.18219997113766,86.78218180054863,14.903520791496835,-10.650536620499906
nolan arenado,36,C,0,5120,5120,True,split_half_stability,541,130.43837432721512,120.5846614573274,114.40413783096504,110.29376482565173,0.49396417268956433,0.49187462711595953,85.95328193860067,85.7596939690653,18.974108846282014,-16.110681847195337
nolan arenado,37,C,1,8192,8192,False,max_admissible,1375,127.53405264853488,120.73728051106056,115.10480574205972,114.29087296461056,0.5713001013507315,0.5092079274841215,88.20825631152294,84.343070160853,10.390280950084541,-15.374921941081084
nolan arenado,38,C,2,6656,6656,True,split_half_stability,1098,136.44208249676805,120.99299832313679,116.14543800016895,114.95407663351281,0.544327312295633,0.4977267555087656,87.69267260035895,83.96734931818767,7.6631720848564076,-17.077545218670505
nolan arenado,39,C,3,4352,4352,True,split_half_stability,647,132.07890277972473,120.92614397834136,115.92956746639572,113.77869765654427,0.5271329120395896,0.4973568277180557,86.93529864574033,84.29719010225483,8.064163814226797,-15.576080271572959
nolan arenado,40,C,4,4864,4864,True,split_half_stability,440,131.35401884921004,120.73266438701866,115.12581720841845,111.08157952077839,0.489878057668321,0.4504211493450661,84.17393880710145,83.45523966424307,7.504573623853916,-16.73141877082832
nolan arenado,41,C,5,4864,4864,True,split_half_stability,831,132.2422629696118,120.94765890986245,116.51110985575329,114.79650037253619,0.5516234209301333,0.5178811141838342,88.19976858706927,85.12479055894678,11.764264069028526,-16.41278566491268
nolan arenado,42,C,6,8192,8192,False,max_admissible,1315,132.83950453549804,120.92172993895565,117.31351139894943,114.17798699811708,0.5238654452386403,0.5116170296089342,87.91994623805311,86.35152525992798,15.741733375263708,-14.347140356967998
nolan arenado,43,C,7,8192,8192,False,max_admissible,1061,134.28665754788915,120.95906484756685,115.61991218987906,112.85620661080975,0.5308597002993647,0.4894990492946465,86.85269081843336,84.99393328016009,12.68777551387794,-15.706424348571886
nolan arenado,44,C,8,8192,8192,False,max_admissible,1271,130.87471989898953,120.8718191291433,115.68397683738563,113.47144118629899,0.5417751640144974,0.5114276846839804,87.85125161847385,85.49414138865308,13.959491143247572,-17.719451669086766
nolan arenado,45,CH,0,8192,8192,False,max_admissible,358,136.04362628218271,120.37721746045457,116.77336679688582,106.632706040692,0.44776925483455043,0.4156293256808919,81.07895651853809,86.70946095149247,19.056394786349276,-18.12108096279033
nolan arenado,46,CH,1,2048,2048,True,split_half_stability,313,131.13938008070824,120.7585661647744,117.19096677207519,113.20943662794899,0.5727358990388288,0.5178504034133873,87.40638125197279,86.7959124782306,12.955773364817915,-19.836716642011197
nolan arenado,47,CH,2,8192,8192,False,max_admissible,792,132.31784062612502,120.74963559453322,116.07990319015715,111.21219277922071,0.5260566529313543,0.45071563557284605,85.07328772592979,85.31347793149642,8.15459592501227,-19.38555473455962
nolan arenado,48,CH,3,4608,4608,True,split_half_stability,1067,128.07281218305585,120.85865416561653,116.8839002691414,116.49549539289484,0.5983893381198715,0.5366711167419861,90.88033319044786,86.50733457301492,10.73858112301966,-18.970459414102557
nolan arenado,49,CH,4,3328,3328,True,split_half_stability,181,124.1778307210061,116.00441303635185,115.35323405021087,108.67099130651637,0.46946312514020655,0.4292529179029949,82.15070156756678,84.14833381220632,14.726137436436582,-14.03613941567416
nolan arenado,50,CH,5,4352,4352,True,split_half_stability,848,127.37290227360472,120.66503544762848,116.42097180894328,114.9930196573178,0.574402730980765,0.5200841974383594,89.641637430184,86.48505018385913,10.322124300498823,-13.568031795451509
nolan arenado,51,CH,6,2816,2816,True,split_half_stability,432,136.01190023462706,120.96880304236461,117.68370926155914,113.67458624821188,0.5436160394984245,0.49581538105761785,87.83122470640109,87.23100784143742,10.314926262037627,-13.933722375493248
nolan arenado,52,CH,7,1792,1792,True,split_half_stability,333,122.66555401389427,119.57995259724099,115.40348769669717,114.67378776249882,0.5862609616460323,0.5210015792181877,89.30815669420645,85.46688158030477,10.41857045341853,-18.791401122267416
nolan arenado,53,CH,8,1792,1792,True,split_half_stability,176,129.33661601443936,119.24442323619525,118.32145670218414,110.94307584646211,0.4953181380514818,0.4710764802573966,85.18317612925038,88.00240035678543,16.888900859487904,-17.07607171357501
nolan arenado,54,CH,9,4096,4096,True,split_half_stability,578,132.34080984095573,120.82924377828394,117.87095877841146,113.48864731878356,0.5394652235719726,0.5002400938733805,87.4220001778875,87.15635423177403,16.227433373519432,-18.85950522710141
nolan arenado,55,CH,10,8192,8192,False,max_admissible,515,138.69096790177937,120.91950494367168,117.12412659923572,109.0481259592559,0.49181009827659367,0.42094107504785266,82.51605826873009,85.90559509027966,8.845804394051898,-19.369570296663085
nolan arenado,56,CH,11,2816,2816,True,split_half_stability,265,131.06244971491805,120.23279533313072,118.08298194586503,111.47076788184091,0.4839525324963716,0.43308745128579834,85.40211011843778,87.39668789678689,12.283073048453927,-8.619107127386748
