x_mean,ey_mean,n
22.41446544397448,0.3040018328454869,3
23.066162794979416,0.31150241156254016,28
23.68913822728396,0.36711614254296804,30
24.320726850478433,0.4080675586546005,47
24.980382750645298,0.4400015359731641,58
25.584558480820437,0.47067623993159496,82
26.234972506872502,0.4948923621674533,60
26.86493778879101,0.5053440027226144,72
27.56128616267557,0.5350387846583986,44
28.187255529739357,0.5323260437788757,62
28.82349970143299,0.536529002144718,64
29.47907695626079,0.5176929678450688,60
30.112778526634347,0.4888748980524804,71
30.77092780780402,0.47337975445224967,60
31.405403018457736,0.42957641890062354,71
32.09699408343439,0.3927090857056523,66
32.7202305217938,0.3368873468574091,53
33.33415542135504,0.30835539278008334,41
33.9483375078297,0.2745135839249971,22
34.85349479152742,0.2607740596241073,6
