batter_name,x,e_y_star,accepted_draw,L_in
giancarlo stanton,31.167966397915094,0.36119426515943487,True,34.0
pete alonso,33.949228311884845,0.16737566053523378,True,34.0
aaron judge,27.118519451147325,0.5659871263036298,True,35.0
giancarlo stanton,26.20365850227283,0.46742397483671594,True,34.0
alex bregman,29.8774969083615,0.4526361086554527,True,33.5
george springer,30.055022521724702,0.5310880251244362,True,33.5
pete alonso,30.675263167329746,0.4508232807775557,True,34.0
mike trout,26.889326306099793,0.5505863965779048,True,33.5
george springer,29.278098917345226,0.5102685926009134,True,33.5
giancarlo stanton,23.25147571754812,0.28723023813826,True,34.0
nolan arenado,30.220527868903666,0.510601717881283,True,34.0
alex bregman,26.72605716999292,0.4828278806305987,True,33.5
alex bregman,28.492604809213013,0.5323079819438,True,33.5
nolan arenado,29.097029506160933,0.5975427589435814,True,34.0
george springer,25.618118837688453,0.47165802293273884,True,33.5
nolan arenado,24.346670188373523,0.3929435916869345,True,34.0
alex bregman,27.236652089177984,0.5086516023960812,True,33.5
nolan arenado,29.756663997424,0.5426020025474563,True,34.0
george springer,24.502942385673343,0.48061123268899875,True,33.5
mookie betts,25.735999398461406,0.5499267170858086,True,33.5
alex bregman,25.987814874616774,0.4928417428339649,True,33.5
mookie betts,27.737178069620104,0.5403033195911137,True,33.5
george springer,23.87665297447239,0.3616391563489586,True,33.5
pete alonso,32.92965691795826,0.3238056227858531,True,34.0
giancarlo stanton,25.207247401009464,0.36445459386227613,True,34.0
george springer,24.892561145713206,0.46840718277137366,True,33.5
giancarlo stanton,32.6865693584662,0.3516176205463187,True,34.0
luis robert,31.655291645194666,0.38685191161379784,True,34.0
aaron judge,27.301294230632397,0.5012659996468031,True,35.0
pete alonso,30.215297434431932,0.40728769493264655,True,34.0
nolan arenado,24.279106680117803,0.395301389206007,True,34.0
luis robert,23.843883210692614,0.4473010941125957,True,34.0
aaron judge,32.700888746896275,0.3942347333684252,True,35.0
manny machado,24.488630252913058,0.425904012280456,True,34.0
nolan arenado,27.55117675309479,0.47811331541019947,True,34.0
george springer,25.532261546240417,0.5096735457776307,True,33.5
manny machado,32.039995635164416,0.3633861725209792,True,34.0
pete alonso,25.213223199635777,0.3715508346055175,True,34.0
luis robert,29.152317779346575,0.4825073021021413,True,34.0
mike trout,28.23631792954359,0.49972140918353614,True,33.5
aaron judge,34.33530927488545,0.32319321263679174,True,35.0
pete alonso,25.059200495549653,0.4565740316167701,True,34.0
mookie betts,25.23173897499316,0.4843248418977324,True,33.5
alex bregman,29.26208889292768,0.5378356714730147,True,33.5
alex bregman,28.881623542825636,0.5601299995970245,True,33.5
alex bregman,29.428520106533615,0.5317943750230371,True,33.5
giancarlo stanton,31.65664241856459,0.41251542741492625,True,34.0
nolan arenado,23.422462329841988,0.4051554013443113,True,34.0
kris bryant,33.886762437737644,0.3061595126948168,True,34.0
giancarlo stanton,25.513385453897325,0.4802631884330324,True,34.0
luis robert,29.011248631576237,0.5171546730639687,True,34.0
mookie betts,30.01410646311863,0.50366155881242,True,33.5
luis robert,29.77083900861309,0.5279906932199538,True,34.0
mookie betts,24.00295000166839,0.375306532793472,True,33.5
george springer,24.95316909604756,0.41478805603327445,True,33.5
alex bregman,33.19094028648207,0.24386741967456613,True,33.5
aaron judge,27.091909897949705,0.523734538755338,True,35.0
george springer,24.588242561160353,0.3298369866125064,True,33.5
evan longoria,28.306727483217024,0.5104919451004604,True,33.0
manny machado,30.76121109107038,0.4503434112633344,True,34.0
manny machado,30.876437391318657,0.4476046068415342,True,34.0
mookie betts,29.255033087741438,0.5911238707820896,True,33.5
aaron judge,28.112782714055292,0.5226315552576732,True,35.0
nolan arenado,29.23168819772404,0.48528172711593376,True,34.0
giancarlo stanton,32.34426684921752,0.39114920110921864,True,34.0
giancarlo stanton,31.036212389612295,0.43654605837082705,True,34.0
nolan arenado,25.95533757238594,0.47876110702405195,True,34.0
pete alonso,33.181237663964545,0.34774493040910626,True,34.0
george springer,23.086808338290936,0.28873536424575996,True,33.5
manny machado,26.341045934805553,0.4641412510205501,True,34.0
george springer,27.981735991979562,0.5893313848717878,True,33.5
manny machado,27.116514549857275,0.5005270779004312,True,34.0
aaron judge,33.812811697755286,0.3854771287940658,True,35.0
luis robert,32.35876369544767,0.3869544285639195,True,34.0
manny machado,32.99271803843349,0.3111789685556706,True,34.0
giancarlo stanton,29.28911662366492,0.5386867459891187,True,34.0
pete alonso,25.519013155142556,0.48842426304645137,True,34.0
giancarlo stanton,25.768298267344623,0.4553245633604975,True,34.0
alex bregman,24.724126779637494,0.45058683386473847,True,33.5
alex bregman,25.70554852907398,0.5072519709438297,True,33.5
aaron judge,33.271148848906336,0.44594752892901035,True,35.0
manny machado,23.453142514877953,0.3552680042555989,True,34.0
kris bryant,31.497756248703517,0.4606888242582649,True,34.0
luis robert,30.56666340161091,0.49431446241492916,True,34.0
pete alonso,24.38929291753224,0.3934164726001316,True,34.0
nolan arenado,29.709464925919853,0.46837752396968146,True,34.0
pete alonso,28.501584319763104,0.4837911391898772,True,34.0
manny machado,25.324758872156117,0.32992066018971916,True,34.0
aaron judge,26.667383951229837,0.36223975820445536,True,35.0
nolan arenado,25.003169046809397,0.5022812918852778,True,34.0
nolan arenado,30.21437418623037,0.49096796918818403,True,34.0
mookie betts,26.33402715611545,0.5705919967078253,True,33.5
giancarlo stanton,30.449790454075778,0.47860356989351494,True,34.0
alex bregman,24.270811187373145,0.37261609688704156,True,33.5
aaron judge,34.9895334515013,0.2963890625154069,True,35.0
giancarlo stanton,31.675337184064844,0.43570663314525865,True,34.0
nolan arenado,32.07027713484601,0.408333652175812,True,34.0
manny machado,25.762345166361253,0.48806234960005446,True,34.0
george springer,26.67289757114812,0.4544451282142245,True,33.5
manny machado,29.690381757553872,0.526501167159491,True,34.0
manny machado,33.88680519642926,0.308492180603129,True,34.0
pete alonso,24.970381003743924,0.4478241374132034,True,34.0
nolan arenado,24.167439666174793,0.44201149417345187,True,34.0
manny machado,23.14698490022061,0.3147389722935535,True,34.0
manny machado,31.776667811108265,0.45615875098794206,True,34.0
pete alonso,31.298091282180373,0.4604690086353059,True,34.0
aaron judge,26.086382148003633,0.4691099351249498,True,35.0
mookie betts,29.23220958303221,0.5619822126114515,True,33.5
mike trout,29.321864651103205,0.5299735138488508,True,33.5
giancarlo stanton,29.619731025599496,0.5567891882250837,True,34.0
alex bregman,29.190400595591107,0.47848628183148284,True,33.5
manny machado,31.983055753693407,0.3853483847049237,True,34.0
george springer,30.09594204702252,0.43106827623271177,True,33.5
alex bregman,32.97870561351215,0.27051498646678174,True,33.5
aaron judge,29.80790605849122,0.5026143304381641,True,35.0
mookie betts,25.425067909163495,0.4581521175389276,True,33.5
manny machado,31.678683522725137,0.45535640228186464,True,34.0
giancarlo stanton,33.01180524011213,0.2396221561434314,True,34.0
nolan arenado,27.199824507751213,0.5339125992242983,True,34.0
kris bryant,27.24120426853955,0.5097953593297112,True,34.0
alex bregman,29.370142764153616,0.48604059673439476,True,33.5
pete alonso,30.174950047263838,0.454436753791199,True,34.0
mookie betts,27.94586629917134,0.5935771478315383,True,33.5
manny machado,29.27114218947065,0.5333180405658745,True,34.0
mookie betts,29.541349045383953,0.5387534798813137,True,33.5
manny machado,28.365869487623605,0.5994143949507711,True,34.0
mookie betts,32.760318201194934,0.37461204685567295,True,33.5
manny machado,32.618031040870335,0.3257126976127458,True,34.0
mookie betts,27.074714441477283,0.5417372136126705,True,33.5
mookie betts,33.069337049014685,0.28320126570526993,True,33.5
aaron judge,30.868937646680806,0.4965193930425028,True,35.0
pete alonso,32.36696107448054,0.3604233345774418,True,34.0
luis robert,30.94181585757697,0.5165589639723307,True,34.0
luis robert,25.161268844256668,0.4429049305411086,True,34.0
pete alonso,33.66696832853721,0.24124308970289543,True,34.0
luis robert,25.137625267473354,0.44837619241096416,True,34.0
giancarlo stanton,26.69770965412526,0.43197933919678855,True,34.0
nolan arenado,32.21941080011309,0.3477915042096944,True,34.0
evan longoria,29.779926565772143,0.4694414438028871,True,33.0
alex bregman,30.25975136225855,0.49019705165645533,True,33.5
mookie betts,30.91451698292537,0.4368155881422709,True,33.5
pete alonso,33.932439743121606,0.2845048670887564,True,34.0
luis robert,24.151592493123516,0.4424807682403374,True,34.0
nolan arenado,32.17223547947873,0.3841378679639395,True,34.0
pete alonso,30.46052792305133,0.5362503763427313,True,34.0
manny machado,27.039914420066705,0.5103216862808571,True,34.0
manny machado,31.176423067398826,0.4041880568450363,True,34.0
giancarlo stanton,25.300708428303608,0.5031629703750865,True,34.0
pete alonso,29.573024831636875,0.5150587063040609,True,34.0
mookie betts,28.02321372432084,0.5076593286153195,True,33.5
george springer,24.51703727788419,0.4285292300028659,True,33.5
luis robert,28.09612555754751,0.5801210838582903,True,34.0
pete alonso,24.093263645200015,0.4135098545736221,True,34.0
pete alonso,30.366308049640924,0.5166938611143094,True,34.0
luis robert,33.501779023603355,0.2926976011919845,True,34.0
aaron judge,25.753130484840575,0.42067452564720414,True,35.0
alex bregman,29.557684759889348,0.5160517158627724,True,33.5
pete alonso,26.45158548322492,0.5300919790874555,True,34.0
alex bregman,24.39298872274761,0.44363318545866803,True,33.5
nolan arenado,32.48599178453992,0.44049587930965994,True,34.0
nolan arenado,26.10711153947445,0.4785653651060249,True,34.0
alex bregman,26.366883580843666,0.4889056436697901,True,33.5
alex bregman,27.005388789917813,0.48156182987424107,True,33.5
giancarlo stanton,32.4379624362536,0.36291529671441725,True,34.0
alex bregman,28.76710066235535,0.5294617790650815,True,33.5
george springer,28.663957446818063,0.5040896479217206,True,33.5
alex bregman,31.12794386215685,0.46045452956973143,True,33.5
giancarlo stanton,25.74961110089241,0.5235735305446544,True,34.0
nolan arenado,25.006864881958258,0.470264013356989,True,34.0
aaron judge,30.402487031080746,0.4776853897307025,True,35.0
alex bregman,24.829134618984448,0.5025925457551744,True,33.5
luis robert,32.97701253066086,0.2897629083807884,True,34.0
george springer,22.58128957880586,0.26697832530504906,True,33.5
pete alonso,30.46052792305133,0.5362503763427313,True,34.0
aaron judge,27.527103409993305,0.5187352023599716,True,35.0
mookie betts,25.22984168196586,0.3742410525978079,True,33.5
george springer,27.943555913575157,0.5346568533286248,True,33.5
george springer,33.240310070992976,0.22561416794635167,True,33.5
pete alonso,31.348460551896903,0.41583835653807144,True,34.0
nolan arenado,26.177051720142646,0.48912061861640505,True,34.0
manny machado,23.885907985221493,0.4251349790908905,True,34.0
manny machado,27.611715245643815,0.5916071865412693,True,34.0
luis robert,26.92847727002332,0.45205070245255563,True,34.0
george springer,26.501905367401978,0.4749820952763253,True,33.5
mookie betts,28.710270690148295,0.5664699420399761,True,33.5
luis robert,28.665215642832464,0.5513853540211082,True,34.0
george springer,30.11208226910175,0.4976192378878406,True,33.5
nolan arenado,33.570279814884856,0.3287108728374169,True,34.0
evan longoria,22.008174000161386,0.3766681848492453,True,33.0
alex bregman,27.37516173958229,0.5143886718707174,True,33.5
giancarlo stanton,32.015675408968974,0.4039943957261864,True,34.0
george springer,26.332692132840425,0.5549084422937557,True,33.5
nolan arenado,26.866340739679238,0.5109366615411597,True,34.0
nolan arenado,32.25288438931686,0.32090269347569644,True,34.0
george springer,32.08595324059509,0.2803064996783331,True,33.5
mookie betts,31.331496241657476,0.3484522646875882,True,33.5
manny machado,26.576737467618603,0.53020640049503,True,34.0
manny machado,24.34931845518171,0.36964066868530077,True,34.0
giancarlo stanton,30.3422188046361,0.4947342007561522,True,34.0
mookie betts,27.42088925184444,0.5261778613105894,True,33.5
alex bregman,30.951134118787152,0.44718244385734734,True,33.5
pete alonso,26.002576679034593,0.5327750655214715,True,34.0
pete alonso,31.150477040459325,0.4013898059914536,True,34.0
mookie betts,32.24258026583736,0.35480435349339956,True,33.5
alex bregman,31.01190511184636,0.39717363372995185,True,33.5
manny machado,33.827260465064164,0.3124924170755581,True,34.0
manny machado,33.23520600024227,0.2748682706307636,True,34.0
giancarlo stanton,31.16879894478928,0.41162262224082125,True,34.0
aaron judge,27.690449776599767,0.5447363708256978,True,35.0
giancarlo stanton,30.304877941812993,0.4694764577469411,True,34.0
luis robert,29.114937591557467,0.5557836729906059,True,34.0
alex bregman,31.45528868807484,0.4160102571759506,True,33.5
nolan arenado,33.53344082998326,0.23195772060374978,True,34.0
aaron judge,26.77358902324541,0.4487653786479615,True,35.0
manny machado,31.135152818071337,0.44547962513739764,True,34.0
giancarlo stanton,31.167966397915094,0.36119426515943487,True,34.0
aaron judge,27.997266180341985,0.5164860681655989,True,35.0
mike trout,29.58040419802626,0.5259796347256678,True,33.5
pete alonso,28.954724562254835,0.5905486896553779,True,34.0
giancarlo stanton,31.434561296080073,0.4188910120599053,True,34.0
aaron judge,25.578439385437683,0.4910113495389702,True,35.0
mookie betts,28.55665657339109,0.5964079728323745,True,33.5
manny machado,31.081731452303835,0.4945344414871674,True,34.0
pete alonso,29.963927230777475,0.49914372892704306,True,34.0
alex bregman,25.029086028498472,0.44777811807130624,True,33.5
mookie betts,29.186956717222433,0.4928412281079484,True,33.5
manny machado,27.999826436531777,0.5455833563831362,True,34.0
alex bregman,32.010198848536994,0.31680364136166544,True,33.5
manny machado,25.636288438518893,0.4953507113360026,True,34.0
aaron judge,30.886422535435003,0.5910601556525746,True,35.0
luis robert,32.320998070671635,0.3939683552672311,True,34.0
luis robert,24.48366548061186,0.36153467814338647,True,34.0
mookie betts,28.670778484381668,0.4828438400616307,True,33.5
nolan arenado,28.34972945055014,0.5307266986307362,True,34.0
alex bregman,25.525485899844295,0.4822529790086388,True,33.5
george springer,25.95970701010276,0.5020633278017091,True,33.5
pete alonso,31.860948714557356,0.37569094743153564,True,34.0
manny machado,32.61925844061723,0.3232138300712308,True,34.0
mike trout,25.11350912038237,0.47679458698025656,True,33.5
giancarlo stanton,23.076846997672295,0.34907353728696655,True,34.0
george springer,25.451061381547646,0.46147729251040315,True,33.5
nolan arenado,31.920771502088186,0.38475805246057726,True,34.0
mookie betts,26.69756044180711,0.48804435784667777,True,33.5
giancarlo stanton,31.07706407350852,0.42180625977694075,True,34.0
manny machado,25.25912134501107,0.55351870709067,True,34.0
nolan arenado,31.84599138605128,0.34337154013793963,True,34.0
alex bregman,26.594680639114422,0.4974963985641499,True,33.5
nolan arenado,26.42165295171674,0.5397415256498571,True,34.0
mookie betts,23.67321738332883,0.32678680963418466,True,33.5
george springer,23.013704326196677,0.3538904659192103,True,33.5
mike trout,26.844761156482537,0.5937947267467961,True,33.5
alex bregman,33.432132278857864,0.31339244093126767,True,33.5
manny machado,30.257513999076245,0.4644644974188833,True,34.0
giancarlo stanton,24.14622358602502,0.36999892100615484,True,34.0
mookie betts,27.80001815988837,0.5772623223377247,True,33.5
pete alonso,30.583838026624345,0.5168973662347132,True,34.0
mookie betts,24.55075721157516,0.5112855404263102,True,33.5
manny machado,33.928116410246936,0.2355349154726299,True,34.0
george springer,30.72970589979673,0.47662144082828334,True,33.5
manny machado,33.19201592905952,0.3105224823950414,True,34.0
giancarlo stanton,28.48481791312425,0.575968465325378,True,34.0
kris bryant,23.066011717716613,0.24480507082081757,True,34.0
mike trout,27.80170537243157,0.46792372453669095,True,33.5
alex bregman,33.18641653811667,0.31473635070223455,True,33.5
nolan arenado,27.34557934386286,0.47784855426429973,True,34.0
alex bregman,31.043021317312114,0.41363461118388023,True,33.5
luis robert,26.70976927683958,0.46386421836250374,True,34.0
giancarlo stanton,27.858787949212548,0.4916875074934661,True,34.0
aaron judge,31.42138078789182,0.532660704752444,True,35.0
nolan arenado,28.806815400303343,0.5814310373051689,True,34.0
george springer,25.97444038943856,0.46308906026502356,True,33.5
george springer,26.508841156480425,0.5291308905086521,True,33.5
luis robert,26.94492705365032,0.530162437283494,True,34.0
manny machado,27.459860504776664,0.5270381122194762,True,34.0
george springer,28.029880549492503,0.4615500916812112,True,33.5
alex bregman,26.20416495951121,0.48989975865060553,True,33.5
nolan arenado,32.3857899252385,0.332801332549778,True,34.0
pete alonso,28.551223822631833,0.5938677997904285,True,34.0
giancarlo stanton,32.650146744136684,0.34592122473161346,True,34.0
mookie betts,32.800286979012185,0.36021429982684133,True,33.5
mike trout,31.07437339229849,0.3792955996243502,True,33.5
mookie betts,30.316350749047835,0.5664663903129332,True,33.5
manny machado,31.55094634842537,0.4260205460139049,True,34.0
george springer,25.009807937255772,0.4639468826999772,True,33.5
george springer,26.000417480813926,0.5012531183637968,True,33.5
george springer,22.837240291282125,0.2860273954336189,True,33.5
manny machado,32.889411487924995,0.3984919357539305,True,34.0
pete alonso,26.94732264063772,0.5123527084822593,True,34.0
mookie betts,28.586907043900595,0.5962734721038698,True,33.5
nolan arenado,25.565397907369384,0.4829568661862649,True,34.0
nolan arenado,29.625911686206774,0.4942534873179072,True,34.0
mookie betts,24.83736409443422,0.4077904756281686,True,33.5
nolan arenado,30.68085877448775,0.4819794983324673,True,34.0
manny machado,25.05534626645226,0.4604989606608281,True,34.0
nolan arenado,31.604945390130425,0.4317519242462596,True,34.0
alex bregman,30.13489305185439,0.45408004340265706,True,33.5
george springer,22.767116453002576,0.2865709855140534,True,33.5
luis robert,31.282757697918733,0.36205865178129604,True,34.0
manny machado,28.41091850112004,0.5461817308525594,True,34.0
luis robert,33.38839176725929,0.2852179677042271,True,34.0
nolan arenado,33.28572980815227,0.29191146919218675,True,34.0
mookie betts,28.11655203796578,0.4735430999218057,True,33.5
manny machado,32.89186124278359,0.3136465890703333,True,34.0
luis robert,31.61795604737443,0.3690920008776481,True,34.0
pete alonso,28.001243137072922,0.48652381886639745,True,34.0
manny machado,32.75998641718406,0.3793441796308922,True,34.0
george springer,32.48962611591952,0.3470792740776086,True,33.5
aaron judge,33.11983847540861,0.3471814868887158,True,35.0
mike trout,25.275187281862813,0.4688959283226362,True,33.5
george springer,25.61117950022275,0.43155311545820396,True,33.5
manny machado,30.30544803102695,0.49403294592429764,True,34.0
giancarlo stanton,23.708089146697418,0.3191146862273734,True,34.0
mookie betts,25.017047234934005,0.44739937140686953,True,33.5
nolan arenado,32.29238455870193,0.4132229511696357,True,34.0
luis robert,26.750124881727785,0.4929938588656653,True,34.0
pete alonso,24.00835887657695,0.3486228418342462,True,34.0
pete alonso,31.356116663920172,0.40353192375181657,True,34.0
nolan arenado,23.904001871742825,0.38531666887855454,True,34.0
nolan arenado,28.97340839737187,0.5248509772034377,True,34.0
alex bregman,28.705915691514925,0.5951533386138986,True,33.5
pete alonso,26.698219265191774,0.5131366777531676,True,34.0
pete alonso,28.893086252062197,0.4989448502526007,True,34.0
giancarlo stanton,26.742377739220593,0.5171310762142048,True,34.0
alex bregman,29.91215745212593,0.48928993787045333,True,33.5
alex bregman,27.22931041079351,0.4817252356441063,True,33.5
alex bregman,31.67443328065725,0.5059982228712114,True,33.5
mike trout,29.82980012622832,0.4580317951590768,True,33.5
nolan arenado,25.69977221925445,0.5105650839208808,True,34.0
mookie betts,30.684078738427942,0.44122961214915307,True,33.5
kris bryant,29.974574781902106,0.5247352778971617,True,34.0
giancarlo stanton,26.655169911933065,0.5178697649987305,True,34.0
aaron judge,34.62507131907875,0.28910576652825276,True,35.0
mookie betts,28.605766070603334,0.5989748888256248,True,33.5
george springer,24.01430989138275,0.44186705860640196,True,33.5
nolan arenado,31.34260934846531,0.48106797294791925,True,34.0
aaron judge,24.77699179533764,0.4091320370418897,True,35.0
alex bregman,26.319123415528143,0.532895145403482,True,33.5
aaron judge,32.8684793460674,0.43543819998466027,True,35.0
mookie betts,29.78339356895565,0.47988568176164115,True,33.5
aaron judge,32.029419570696426,0.47983418097664143,True,35.0
giancarlo stanton,27.144020009250482,0.48368405327102076,True,34.0
aaron judge,25.853602171947514,0.4297886498295075,True,35.0
pete alonso,28.217263510489982,0.5591957613359648,True,34.0
mookie betts,24.918499105087108,0.45936516299309604,True,33.5
luis robert,32.480061340880155,0.3787773203762493,True,34.0
mookie betts,28.393047706435212,0.5473984465998243,True,33.5
alex bregman,30.33983021607371,0.43349530812650094,True,33.5
manny machado,30.138341745413165,0.535300007821277,True,34.0
luis robert,31.148713890570324,0.46401667065616703,True,34.0
george springer,25.66323956563408,0.553106811468041,True,33.5
alex bregman,29.14905493624815,0.5053086321507462,True,33.5
aaron judge,32.65707402982666,0.4400915572733972,True,35.0
giancarlo stanton,33.63291205810421,0.2333454395853995,True,34.0
alex bregman,27.702155206016684,0.5527534127154846,True,33.5
george springer,26.700555417022677,0.4983398314010462,True,33.5
nolan arenado,23.722587950428192,0.3809404377944767,True,34.0
alex bregman,24.246054365244863,0.43998696061608755,True,33.5
giancarlo stanton,23.16659009024804,0.24388518948493526,True,34.0
mookie betts,30.392703502637552,0.5240733607184023,True,33.5
alex bregman,22.7384834229349,0.3167883466210335,True,33.5
nolan arenado,27.934033311407042,0.5151265548132713,True,34.0
mookie betts,29.36891232527665,0.5475386414984688,True,33.5
kris bryant,31.873615766052925,0.44639299156946216,True,34.0
giancarlo stanton,29.37201913484942,0.5953909167959164,True,34.0
giancarlo stanton,32.58227471489676,0.3420962175136279,True,34.0
pete alonso,33.051288044139746,0.273524954664223,True,34.0
nolan arenado,25.838040765045662,0.5168862935830894,True,34.0
mike trout,33.46508533223207,0.38131628446904964,True,33.5
george springer,30.395116117244267,0.47388701144154227,True,33.5
aaron judge,32.36181992188508,0.4635134365719504,True,35.0
george springer,24.37044919860379,0.3614797657324843,True,33.5
nolan arenado,27.62753992861296,0.49601410591833367,True,34.0
manny machado,28.940565028008436,0.586532571236648,True,34.0
mookie betts,28.54797628747502,0.4740356673800099,True,33.5
mookie betts,27.68185666691365,0.49506749406216344,True,33.5
george springer,23.925387514890875,0.42800472075980006,True,33.5
pete alonso,23.94275105873071,0.4105586021744578,True,34.0
alex bregman,26.256475417525785,0.5226569850032482,True,33.5
luis robert,33.958436103320295,0.2113898326196236,True,34.0
nolan arenado,29.490327963437082,0.5789794935270516,True,34.0
alex bregman,31.202664414028632,0.39412822164127553,True,33.5
giancarlo stanton,26.779362322605348,0.4904602043342309,True,34.0
manny machado,32.75565245747304,0.3071117340382752,True,34.0
manny machado,33.3578227884679,0.2777476828479568,True,34.0
nolan arenado,25.817699992906583,0.41605186531582666,True,34.0
mookie betts,25.86022180776304,0.5349117457355717,True,33.5
pete alonso,32.94468268378049,0.27450350430767295,True,34.0
manny machado,31.09432163065334,0.46022041071072006,True,34.0
george springer,28.553498466917528,0.569724486320373,True,33.5
manny machado,31.90528629656061,0.3986515951113068,True,34.0
mookie betts,27.09104544655188,0.5393539761503738,True,33.5
mookie betts,31.405241505088803,0.42423738834857766,True,33.5
mike trout,29.07991989504783,0.49550249505776206,True,33.5
evan longoria,28.197041420761174,0.5341478668670399,True,33.0
nolan arenado,24.619259695938638,0.3123727489313023,True,34.0
george springer,22.81243243556835,0.38786920139787445,True,33.5
manny machado,27.88680610252042,0.4964280566214051,True,34.0
manny machado,26.430527771606435,0.46994575224131385,True,34.0
luis robert,26.18641645936578,0.5209158792716507,True,34.0
nolan arenado,23.05651901328561,0.3434709588370996,True,34.0
aaron judge,34.09197819172955,0.33287512282170756,True,35.0
nolan arenado,23.16310367126939,0.369368063369527,True,34.0
george springer,31.09261783811086,0.4156125487075796,True,33.5
giancarlo stanton,23.973060770274877,0.4098469465964114,True,34.0
manny machado,27.521798134981932,0.5223456370864867,True,34.0
mike trout,32.80979596602737,0.31333432129846706,True,33.5
george springer,31.488219323562753,0.4653361330264032,True,33.5
mookie betts,29.72108785122386,0.5744502524266224,True,33.5
manny machado,25.122627850665076,0.4233761863673038,True,34.0
manny machado,30.479849731369526,0.4579558645308237,True,34.0
alex bregman,24.513546988984608,0.45292421956119544,True,33.5
pete alonso,28.783362061212586,0.5925323570065179,True,34.0
nolan arenado,29.362217254668053,0.5695217932980166,True,34.0
pete alonso,31.752576017709025,0.4266029454071027,True,34.0
nolan arenado,29.697546464349436,0.5199795150039092,True,34.0
giancarlo stanton,29.45715127882974,0.5995249196347379,True,34.0
aaron judge,30.6390704286982,0.5072307821588722,True,35.0
manny machado,27.692935132314066,0.4887371106742222,True,34.0
manny machado,29.416235477692684,0.46016949219875247,True,34.0
pete alonso,29.842696237642457,0.4255242494072525,True,34.0
manny machado,30.55481536468574,0.45329308417668074,True,34.0
manny machado,25.584043740830264,0.4499870634290068,True,34.0
nolan arenado,31.05109138241445,0.4232585910920696,True,34.0
kris bryant,26.966113090756302,0.5135879923591651,True,34.0
alex bregman,23.431515894453195,0.31752052422286514,True,33.5
kris bryant,28.899004065674788,0.5313724063391874,True,34.0
pete alonso,26.591389369636225,0.4795427480109125,True,34.0
aaron judge,28.533057230933647,0.4385791878078415,True,35.0
giancarlo stanton,31.809265144524492,0.4829793524455682,True,34.0
alex bregman,31.67443328065725,0.5059982228712114,True,33.5
mookie betts,29.597039099843975,0.4920627506928802,True,33.5
george springer,33.10301684213235,0.3523732627845229,True,33.5
evan longoria,26.209624701986595,0.49766594057228136,True,33.0
luis robert,27.00266287671415,0.5172990579942653,True,34.0
pete alonso,30.341004662454726,0.48475830692108113,True,34.0
alex bregman,23.337446534659446,0.4280380124635057,True,33.5
mookie betts,24.922390681055138,0.434532950449485,True,33.5
giancarlo stanton,33.988639772582374,0.20922975499390276,True,34.0
alex bregman,24.610485563504724,0.4303661792243432,True,33.5
nolan arenado,26.314518812841406,0.4966621448068049,True,34.0
nolan arenado,29.33911419333921,0.49062738935680994,True,34.0
george springer,29.967140059927306,0.5209479201530572,True,33.5
aaron judge,27.349900229120347,0.4950290917028201,True,35.0
luis robert,32.528638607477355,0.3428551459158438,True,34.0
nolan arenado,28.714267893595135,0.4652610615084757,True,34.0
kris bryant,28.069735869060185,0.5552669443375229,True,34.0
pete alonso,33.1351810501152,0.34782911072999934,True,34.0
aaron judge,32.40240508789055,0.44294651275604013,True,35.0
manny machado,25.093874944311167,0.42377513877908557,True,34.0
george springer,32.57439023457872,0.2669885573992137,True,33.5
pete alonso,26.45798177259286,0.5099329823634086,True,34.0
alex bregman,27.11754216831126,0.5231992445821184,True,33.5
alex bregman,25.4751421662831,0.457106751906388,True,33.5
luis robert,27.765610045828577,0.5590566319353805,True,34.0
george springer,25.448849964608605,0.4362919130567764,True,33.5
giancarlo stanton,27.814272304700058,0.5872008378926763,True,34.0
manny machado,31.183590841203237,0.45125008329667565,True,34.0
alex bregman,29.956278218925622,0.5260443720670053,True,33.5
nolan arenado,32.17722741903923,0.4398560990969207,True,34.0
alex bregman,33.01666574717852,0.26550047714191316,True,33.5
pete alonso,29.14321802812103,0.4709196134498726,True,34.0
aaron judge,31.781791947809378,0.525349956499007,True,35.0
manny machado,31.270224065650332,0.45417639578059027,True,34.0
mookie betts,23.799055241121522,0.36320841456328734,True,33.5
george springer,29.02878387568249,0.4691573792464936,True,33.5
pete alonso,31.669983544824202,0.42740387906718874,True,34.0
aaron judge,30.843078137403396,0.5421449972130605,True,35.0
nolan arenado,32.375700967482146,0.4409932385243723,True,34.0
manny machado,26.5446066566312,0.44791367969917983,True,34.0
george springer,30.14081378034304,0.48273584434831873,True,33.5
alex bregman,24.92814320904687,0.4633248538853852,True,33.5
nolan arenado,31.1266301339714,0.47904931254874794,True,34.0
nolan arenado,25.214116666700107,0.48347562161162444,True,34.0
manny machado,32.375874033958816,0.2143558372309393,True,34.0
manny machado,31.40609378105782,0.40602345203949514,True,34.0
alex bregman,23.337446534659446,0.4280380124635057,True,33.5
manny machado,31.6125539143255,0.4309951759301861,True,34.0
alex bregman,31.355269726231043,0.37950875610831164,True,33.5
aaron judge,32.12481354141516,0.38991436296503507,True,35.0
mookie betts,29.86026480883734,0.4910886006630002,True,33.5
alex bregman,32.97870561351215,0.27051498646678174,True,33.5
pete alonso,27.608109033545706,0.4910678239156157,True,34.0
nolan arenado,26.306718160637605,0.5138668478343262,True,34.0
aaron judge,33.4307403568018,0.3046192972975722,True,35.0
george springer,28.303761247279404,0.5435204383021931,True,33.5
george springer,24.31244591181278,0.43624370700631776,True,33.5
giancarlo stanton,24.369312458115147,0.44144881978248723,True,34.0
alex bregman,24.773369499819317,0.517450965277146,True,33.5
mookie betts,27.00648996287501,0.42051078563054234,True,33.5
mookie betts,25.437189066087733,0.4786473959324405,True,33.5
pete alonso,29.957034169440576,0.49089450987841365,True,34.0
pete alonso,25.709054774731932,0.43771504489609114,True,34.0
mookie betts,27.445649985047904,0.565750398855585,True,33.5
alex bregman,28.21267378423628,0.5462559998253184,True,33.5
manny machado,32.220777573310016,0.3748484263912039,True,34.0
aaron judge,24.366211463493627,0.32150062880172936,True,35.0
alex bregman,29.821950037055597,0.45880453664395876,True,33.5
aaron judge,26.9059832796948,0.38809445221770805,True,35.0
alex bregman,26.508292515472203,0.525272168631267,True,33.5
mike trout,25.760808662948193,0.4521747765346971,True,33.5
luis robert,25.054561932777627,0.4570222325163513,True,34.0
mookie betts,27.70652617121905,0.5291552098315762,True,33.5
mookie betts,25.492824169020576,0.40967480219467667,True,33.5
mookie betts,30.649820214328845,0.4893139468129227,True,33.5
nolan arenado,28.227033540034093,0.5628596148844939,True,34.0
mike trout,28.257465983344755,0.5858260627813092,True,33.5
pete alonso,25.627012992569096,0.47104704554956184,True,34.0
giancarlo stanton,23.700501716282137,0.31112097443859804,True,34.0
george springer,26.50682687636012,0.5332592496272182,True,33.5
mookie betts,32.92277073115119,0.2910095259975684,True,33.5
nolan arenado,32.779325718085985,0.42338324193999555,True,34.0
alex bregman,25.84606619046815,0.46564170037095737,True,33.5
aaron judge,33.34795793727415,0.4167730603750846,True,35.0
nolan arenado,32.04722346140706,0.4611008713454897,True,34.0
giancarlo stanton,32.899519777680176,0.3528875502458316,True,34.0
nolan arenado,32.10182526665122,0.3939126741894936,True,34.0
giancarlo stanton,24.447207973381847,0.4289514735747536,True,34.0
nolan arenado,24.027773893276965,0.37416811816640705,True,34.0
alex bregman,26.241366929072022,0.5099663091026702,True,33.5
giancarlo stanton,31.836215605817184,0.4106719386306718,True,34.0
nolan arenado,23.160935548729626,0.22324115419734947,True,34.0
manny machado,26.81252084515782,0.4623684522746284,True,34.0
luis robert,29.011248631576237,0.5171546730639687,True,34.0
pete alonso,26.55525706200549,0.5055846242513036,True,34.0
george springer,28.827590515468444,0.47744954360097946,True,33.5
george springer,25.511718604407942,0.4942341598292418,True,33.5
giancarlo stanton,28.733064788656748,0.5854557817701582,True,34.0
kris bryant,25.592336271027865,0.5337004651379652,True,34.0
george springer,31.55232701013884,0.3952576143376085,True,33.5
mike trout,25.42060561360142,0.4156120910881883,True,33.5
alex bregman,27.15978286274294,0.5674580152238542,True,33.5
nolan arenado,25.02849898209481,0.425831755058374,True,34.0
aaron judge,31.748968357596436,0.5115080921888513,True,35.0
aaron judge,25.071495114230707,0.4175288983840534,True,35.0
pete alonso,26.73528648154948,0.5346468332483202,True,34.0
nolan arenado,25.67644208068307,0.5369780154267201,True,34.0
pete alonso,31.10568315313531,0.433404002712744,True,34.0
evan longoria,30.562490594375063,0.4848796990561145,True,33.0
pete alonso,31.98464573641576,0.48944743712161676,True,34.0
nolan arenado,33.142381206589604,0.284524661978468,True,34.0
luis robert,25.89620886624894,0.48785611433025844,True,34.0
giancarlo stanton,23.224356880557245,0.248499830077341,True,34.0
luis robert,24.663559233001113,0.4056179484191196,True,34.0
nolan arenado,27.816613614931622,0.5483650739078942,True,34.0
giancarlo stanton,24.805879143314023,0.43987521272999697,True,34.0
luis robert,28.3136416674579,0.5152362581927145,True,34.0
pete alonso,25.934945904193928,0.46211825175943466,True,34.0
nolan arenado,25.492814491311808,0.4780093746590323,True,34.0
pete alonso,25.476623831124627,0.4484503196729981,True,34.0
mike trout,24.213752801391564,0.3983918497128346,True,33.5
alex bregman,29.986004029071324,0.4981310690268689,True,33.5
alex bregman,27.691945394767103,0.5422888280110866,True,33.5
alex bregman,31.5510022471339,0.36420609620142513,True,33.5
manny machado,30.932815871206376,0.46057355343588496,True,34.0
kris bryant,25.443370317966057,0.4686567981830206,True,34.0
manny machado,30.907179728790958,0.3864867914360214,True,34.0
giancarlo stanton,32.45294231480944,0.3651746008219711,True,34.0
alex bregman,28.738571127573934,0.5598792454598541,True,33.5
manny machado,23.449095242585404,0.2937058502483855,True,34.0
mookie betts,28.33403942880136,0.5523626536609345,True,33.5
george springer,25.41062208083872,0.42010723265024896,True,33.5
giancarlo stanton,24.330655714816032,0.39929203919900913,True,34.0
mookie betts,27.20757215409794,0.5999930544549646,True,33.5
nolan arenado,29.888610596822968,0.5276105643516319,True,34.0
nolan arenado,33.58832226008752,0.3036545756360558,True,34.0
manny machado,30.57400198398121,0.455942430097585,True,34.0
manny machado,25.3507298579515,0.4105926855209952,True,34.0
alex bregman,26.692187604044815,0.5297115460738302,True,33.5
aaron judge,24.83891664872398,0.32362789737391795,True,35.0
mookie betts,31.865905893404754,0.42230782186562366,True,33.5
george springer,25.03911085794284,0.4855142578527374,True,33.5
manny machado,32.65489761504453,0.36018780372612413,True,34.0
nolan arenado,25.12619434697847,0.45029257100109343,True,34.0
evan longoria,28.658096737043323,0.5068974803613889,True,33.0
manny machado,33.5005344358456,0.24420152841492687,True,34.0
luis robert,30.138411816249402,0.5104170190656026,True,34.0
aaron judge,33.84141497196586,0.33380983592496927,True,35.0
george springer,24.196141311387287,0.42324197820175924,True,33.5
george springer,30.606502530340567,0.48156869928111046,True,33.5
aaron judge,25.574691775674385,0.4113470392496697,True,35.0
manny machado,25.867952100012054,0.4277042363582391,True,34.0
pete alonso,24.966085954564313,0.4683082841433497,True,34.0
aaron judge,25.629838159828417,0.41991976825223515,True,35.0
alex bregman,27.005102354750694,0.5345789887342411,True,33.5
mike trout,25.297778474904046,0.46619124533151535,True,33.5
nolan arenado,25.143094477315035,0.45158799990283205,True,34.0
aaron judge,29.082332564101684,0.5155628280257627,True,35.0
aaron judge,34.95713059240569,0.2481393997402223,True,35.0
alex bregman,22.961387009778345,0.30340676392718446,True,33.5
aaron judge,30.727086788694944,0.5913283713801355,True,35.0
aaron judge,30.929766379198508,0.5406816734073098,True,35.0
george springer,29.943027251536943,0.5246730288216965,True,33.5
giancarlo stanton,25.65402208589766,0.44067849051544977,True,34.0
george springer,30.650528001914974,0.46303194304855116,True,33.5
mike trout,25.292063625696517,0.45534864736471814,True,33.5
manny machado,25.895260213248346,0.5089249521043933,True,34.0
george springer,31.417287767788117,0.4484086936486136,True,33.5
aaron judge,30.726670315227036,0.5800370219392004,True,35.0
luis robert,28.943865340493193,0.5578072591724903,True,34.0
giancarlo stanton,25.82087729834659,0.4909555076187676,True,34.0
nolan arenado,29.062590475676096,0.45503918585536796,True,34.0
george springer,32.91971096256129,0.266018529533517,True,33.5
evan longoria,26.739319211188946,0.5881806286877166,True,33.0
mookie betts,28.96206954077662,0.5558345392362122,True,33.5
pete alonso,25.81445959912845,0.45981309059584513,True,34.0
manny machado,29.553564360127922,0.5114769195961324,True,34.0
luis robert,26.17116509977738,0.4649225011414353,True,34.0
alex bregman,24.48801873789347,0.40620072006649877,True,33.5
pete alonso,27.052246460627416,0.5737819239536668,True,34.0
george springer,26.747398649946067,0.5436154821717217,True,33.5
giancarlo stanton,27.144020009250482,0.48368405327102076,True,34.0
alex bregman,25.218064523962454,0.49308089342634953,True,33.5
george springer,26.918537413469274,0.4815465337539363,True,33.5
luis robert,31.685301263294207,0.42187586864491494,True,34.0
manny machado,30.66381231265472,0.4953451362827042,True,34.0
manny machado,33.91570155846911,0.17506929730069543,True,34.0
manny machado,28.609164454326724,0.5741794813397441,True,34.0
nolan arenado,23.72403430113065,0.35773234301454215,True,34.0
aaron judge,28.869800812808815,0.599458386939107,True,35.0
manny machado,26.346077497275527,0.43525804983279504,True,34.0
aaron judge,34.74570047921826,0.2214744245950099,True,35.0
pete alonso,25.373485961603862,0.40986806778537577,True,34.0
pete alonso,25.564470253096594,0.5375956830171158,True,34.0
mookie betts,28.710270690148295,0.5664699420399761,True,33.5
aaron judge,28.81834572775227,0.5295380172057954,True,35.0
luis robert,32.355992435438964,0.3484868800413459,True,34.0
mookie betts,28.432500450939692,0.5036289613378236,True,33.5
pete alonso,28.302814227095975,0.5886992038278888,True,34.0
nolan arenado,31.414968559874115,0.4214429835197916,True,34.0
mookie betts,32.85354515202398,0.23357697290451154,True,33.5
alex bregman,23.089859698820405,0.30708166849988744,True,33.5
aaron judge,32.50249733147914,0.3994496283938568,True,35.0
nolan arenado,27.35142278709625,0.49148741869381873,True,34.0
aaron judge,33.997998554988826,0.26410629946583863,True,35.0
mookie betts,29.08774830451187,0.5674471067759397,True,33.5
aaron judge,32.077109617759575,0.43955307709916686,True,35.0
pete alonso,30.187830819867987,0.43381969100804507,True,34.0
mookie betts,28.69995493855621,0.5618431208664043,True,33.5
nolan arenado,29.67002133130682,0.5746622801193527,True,34.0
george springer,22.653932752956184,0.26835898838216626,True,33.5
alex bregman,26.573637610761107,0.49660813150759375,True,33.5
mike trout,31.25524495685556,0.3341872941163077,True,33.5
nolan arenado,33.61675244430221,0.28160952232113956,True,34.0
manny machado,31.97552574060451,0.41337144001583315,True,34.0
alex bregman,27.07351554313018,0.47193212352847846,True,33.5
luis robert,28.471386704260485,0.5325763197524224,True,34.0
manny machado,29.776483625894922,0.4943392006761631,True,34.0
mookie betts,30.655981562494787,0.4859595067409824,True,33.5
alex bregman,26.10303297182857,0.47629164174603744,True,33.5
mike trout,32.8879235812747,0.19890635425289938,True,33.5
aaron judge,26.658936944573355,0.49116743498579185,True,35.0
manny machado,30.529569287336656,0.4725249250656836,True,34.0
pete alonso,31.993593832389667,0.41751297912320406,True,34.0
alex bregman,26.359785641698533,0.45966795848389375,True,33.5
alex bregman,32.86185404319433,0.31820463727518,True,33.5
aaron judge,33.21326402063698,0.3600536978440818,True,35.0
alex bregman,32.635613858611464,0.2512999728565902,True,33.5
mookie betts,32.35297965684772,0.30548087137362456,True,33.5
giancarlo stanton,33.80291496408935,0.25653773988339895,True,34.0
nolan arenado,28.579725971740512,0.5994243959284019,True,34.0
alex bregman,24.513546988984608,0.45292421956119544,True,33.5
alex bregman,27.988421868024776,0.5672703696263415,True,33.5
luis robert,29.632196119131024,0.5256201334629397,True,34.0
george springer,23.167757853441966,0.4251638863918224,True,33.5
nolan arenado,32.37715843235262,0.3302042664768548,True,34.0
aaron judge,32.197785810975034,0.4608497238926028,True,35.0
pete alonso,23.59585686195286,0.27437684348353625,True,34.0
luis robert,28.105233172870665,0.5078961793452442,True,34.0
pete alonso,24.721196822852157,0.46352349008324434,True,34.0
luis robert,26.939226769320086,0.5363725258279546,True,34.0
pete alonso,29.842696237642457,0.4255242494072525,True,34.0
luis robert,25.24245900109936,0.469250535244242,True,34.0
luis robert,23.92284978946811,0.3621634656604173,True,34.0
evan longoria,28.615473191902908,0.47653054884010915,True,33.0
alex bregman,29.974825661487788,0.5229961519104549,True,33.5
george springer,30.014856269561143,0.4615447308059521,True,33.5
alex bregman,25.29371425999163,0.5047590154654418,True,33.5
mike trout,28.035978821003773,0.5426407620578069,True,33.5
aaron judge,30.399797786532258,0.5047877944165287,True,35.0
manny machado,33.606659030195395,0.30851417377790485,True,34.0
giancarlo stanton,28.12934987876622,0.4955132224786153,True,34.0
aaron judge,34.26141211596469,0.31057582264410993,True,35.0
aaron judge,31.475513021180895,0.514728171795669,True,35.0
mookie betts,25.525438958736256,0.4800011607857651,True,33.5
george springer,26.823660083750035,0.5447034308604366,True,33.5
pete alonso,31.11430025701523,0.471143888277016,True,34.0
aaron judge,29.989944430493875,0.503179479160612,True,35.0
manny machado,28.645075850574436,0.5903977128487778,True,34.0
luis robert,26.55326379948691,0.5206754421758247,True,34.0
giancarlo stanton,30.850698933149843,0.40328765698100516,True,34.0
nolan arenado,31.175929583185507,0.4852043763738315,True,34.0
george springer,23.10598209378028,0.37278308200002064,True,33.5
mookie betts,27.728236372502792,0.5983122564156015,True,33.5
pete alonso,26.561783156926953,0.4722418742379301,True,34.0
nolan arenado,33.81083658745661,0.2993079115103895,True,34.0
pete alonso,33.801119616088364,0.25415901364904214,True,34.0
alex bregman,26.18341533299341,0.45733201419385977,True,33.5
giancarlo stanton,26.019585642328984,0.4835253788974062,True,34.0
alex bregman,31.617552557434482,0.4290070818319985,True,33.5
nolan arenado,31.411391547687607,0.4675518054827741,True,34.0
aaron judge,28.435870662337127,0.5493762475005766,True,35.0
nolan arenado,23.923714417493297,0.3993869274801536,True,34.0
mookie betts,28.556613263918358,0.5024034232102045,True,33.5
manny machado,24.767930936885115,0.3554309392599096,True,34.0
mookie betts,28.04805530994902,0.4808526202300349,True,33.5
aaron judge,32.433127150967366,0.38609249214021946,True,35.0
manny machado,27.09164037270983,0.4967278259020559,True,34.0
pete alonso,29.16241230856007,0.48768696630780106,True,34.0
manny machado,26.21415521528133,0.5016778951722978,True,34.0
mike trout,25.654192015797356,0.4680206941177437,True,33.5
mookie betts,28.430641087229763,0.5503390179173414,True,33.5
nolan arenado,24.522211114536148,0.44488173240793116,True,34.0
alex bregman,24.55816962015153,0.4443428574265817,True,33.5
alex bregman,27.83060285886809,0.5816290627495908,True,33.5
manny machado,33.3194093676731,0.39495457592560385,True,34.0
nolan arenado,25.676364613109097,0.480160978482835,True,34.0
alex bregman,32.759913834433,0.32837402449067576,True,33.5
aaron judge,27.563415784940446,0.509469094041595,True,35.0
mookie betts,23.87213183615056,0.3412111833832213,True,33.5
luis robert,24.93816029037587,0.48615663311672497,True,34.0
alex bregman,25.415113714671374,0.4756728910716767,True,33.5
alex bregman,26.28805069599136,0.4545035514395275,True,33.5
george springer,27.22141647882709,0.5813196924475142,True,33.5
pete alonso,24.908992910212188,0.5116565849365025,True,34.0
alex bregman,30.09631840744345,0.48779656759521356,True,33.5
mike trout,28.92633097093656,0.5257301912656981,True,33.5
george springer,33.07835180866459,0.2962380768492569,True,33.5
nolan arenado,25.066912761184078,0.4708027640394872,True,34.0
nolan arenado,29.575914149423916,0.467323155418513,True,34.0
nolan arenado,32.769443309938914,0.3568153353699009,True,34.0
alex bregman,30.20980455386345,0.51826777566728,True,33.5
nolan arenado,23.3969851622694,0.3933842407319818,True,34.0
giancarlo stanton,23.923087497859893,0.41863969788764677,True,34.0
luis robert,27.402678995337517,0.5829143245869989,True,34.0
manny machado,26.198153310912357,0.4915393107645728,True,34.0
george springer,23.19246149350498,0.30632205742265173,True,33.5
aaron judge,28.711533907962266,0.5739929327386643,True,35.0
luis robert,32.355992435438964,0.3484868800413459,True,34.0
manny machado,26.721678948342483,0.4838062927262767,True,34.0
nolan arenado,29.068670061148065,0.5441552881999894,True,34.0
mookie betts,24.92568201156749,0.4310007244074719,True,33.5
manny machado,26.27201042539195,0.4912820470658194,True,34.0
nolan arenado,32.16061096025116,0.3832063107986946,True,34.0
mike trout,32.17776309568538,0.3566985025233036,True,33.5
manny machado,32.37079365420681,0.3684086456653007,True,34.0
alex bregman,31.68860700774318,0.3579243830410973,True,33.5
luis robert,23.65577921909291,0.3342064446153113,True,34.0
aaron judge,26.727509288491472,0.5219629265064405,True,35.0
giancarlo stanton,30.59596426150451,0.5077365516779869,True,34.0
george springer,27.88209854264621,0.4506373204991025,True,33.5
aaron judge,33.42615706377455,0.3532072953175416,True,35.0
giancarlo stanton,25.74626743632068,0.420300582816512,True,34.0
pete alonso,27.457565507981837,0.5205265602816633,True,34.0
george springer,22.767116453002576,0.2865709855140534,True,33.5
manny machado,32.076094111609564,0.3490415366701705,True,34.0
alex bregman,29.082833884627792,0.5251197609764494,True,33.5
manny machado,25.42438248158235,0.46472358283841747,True,34.0
pete alonso,31.67850695038955,0.3383168762300813,True,34.0
nolan arenado,24.13473235827051,0.3311009736238363,True,34.0
nolan arenado,23.16943838028311,0.3105535339677345,True,34.0
manny machado,32.15024900022415,0.3641076467785951,True,34.0
manny machado,28.59722843490951,0.5836052569438221,True,34.0
mike trout,30.431874526670843,0.49506319703759205,True,33.5
nolan arenado,29.689112534179433,0.45344236611248906,True,34.0
pete alonso,29.54071031086638,0.5419060087335035,True,34.0
mookie betts,27.980187888854047,0.5984253842673558,True,33.5
mookie betts,32.27027115986045,0.3163112160244331,True,33.5
manny machado,25.175342050257797,0.3451603438913472,True,34.0
mookie betts,28.3619904820879,0.5804857826588928,True,33.5
manny machado,32.06860258000526,0.38420654100965207,True,34.0
luis robert,30.464483470924474,0.5326372756136396,True,34.0
manny machado,28.544387454688895,0.5227206734942447,True,34.0
george springer,27.361569245313664,0.5694746109074402,True,33.5
alex bregman,25.56135248814406,0.4871297423102406,True,33.5
luis robert,31.69277959141877,0.44744282191014684,True,34.0
giancarlo stanton,31.864001700222445,0.41994792922712537,True,34.0
manny machado,31.193906813097104,0.44501275608031793,True,34.0
george springer,25.601861583376362,0.5481433106697875,True,33.5
alex bregman,30.301756184970476,0.5361248214436458,True,33.5
aaron judge,26.238278896961134,0.42579268363521106,True,35.0
mike trout,26.48953154295674,0.5140252936208736,True,33.5
nolan arenado,25.66102721747728,0.5163678678681327,True,34.0
giancarlo stanton,29.990425916918575,0.4572193933222498,True,34.0
aaron judge,27.655185510003076,0.5239509036540805,True,35.0
pete alonso,25.768016948161137,0.48519080961589256,True,34.0
alex bregman,24.1098360732485,0.46241843445158004,True,33.5
aaron judge,34.28427433393354,0.24772956053811795,True,35.0
giancarlo stanton,29.859648211093674,0.47184428249629956,True,34.0
mookie betts,27.73902090166073,0.5750856420219091,True,33.5
pete alonso,27.000122697701933,0.5462268615001314,True,34.0
aaron judge,25.378573506004066,0.4035357267221016,True,35.0
manny machado,30.721558931378116,0.4972870115042169,True,34.0
alex bregman,31.580400036264088,0.3528717988816733,True,33.5
kris bryant,29.362406269728513,0.4987479087861266,True,34.0
manny machado,31.978712434035348,0.4805454892301624,True,34.0
nolan arenado,23.20257656984177,0.278625852939518,True,34.0
george springer,33.46609141082556,0.24671571617362684,True,33.5
alex bregman,24.852480016118314,0.40745056940728386,True,33.5
pete alonso,29.80477002122589,0.4896435016438918,True,34.0
george springer,25.9139737625377,0.5336650176653419,True,33.5
alex bregman,31.595827647082324,0.43539947213026553,True,33.5
pete alonso,24.310217605609587,0.38950354054633823,True,34.0
george springer,30.891073038522322,0.41440161846086776,True,33.5
kris bryant,29.636690389932056,0.5293655112554158,True,34.0
kris bryant,30.430641356431757,0.4302202547562964,True,34.0
aaron judge,30.234256270375525,0.5166479759263733,True,35.0
mookie betts,32.847993788912916,0.3129050797320042,True,33.5
pete alonso,24.484471526653394,0.43719318843600935,True,34.0
mookie betts,29.110768193962155,0.4581431221954317,True,33.5
mookie betts,29.680315327065912,0.4570250794428305,True,33.5
mookie betts,23.08207826106592,0.3412160206909667,True,33.5
giancarlo stanton,29.586039273303108,0.5478641917874266,True,34.0
evan longoria,26.82723587673216,0.5862346667202811,True,33.0
alex bregman,29.915431008182807,0.42153278423527,True,33.5
aaron judge,24.262482876777433,0.29766591721879865,True,35.0
manny machado,26.70955442258008,0.5004890874543713,True,34.0
george springer,26.9382466091796,0.48946593514870446,True,33.5
nolan arenado,31.46880546116929,0.48113333363999294,True,34.0
kris bryant,31.371072817894355,0.43982045016451154,True,34.0
alex bregman,32.76267180442662,0.30908206736681404,True,33.5
pete alonso,30.494283888872125,0.4897195115905763,True,34.0
george springer,28.111793273391637,0.48106116883805705,True,33.5
alex bregman,24.08607765489127,0.3880438788202459,True,33.5
alex bregman,23.482758576979286,0.38740878213632624,True,33.5
george springer,25.372257301471983,0.35752043266206573,True,33.5
kris bryant,26.831872437435024,0.5105791616066596,True,34.0
giancarlo stanton,28.7775334132066,0.5393097923307133,True,34.0
manny machado,30.74118474762746,0.4568665274616014,True,34.0
manny machado,29.12533679665177,0.5076613365032481,True,34.0
manny machado,32.375874033958816,0.2143558372309393,True,34.0
giancarlo stanton,24.960712506181874,0.37028108779630975,True,34.0
nolan arenado,24.498804423975585,0.44814253879903887,True,34.0
george springer,29.676825732427492,0.5156873633221675,True,33.5
kris bryant,32.60772747404504,0.34898541237028435,True,34.0
luis robert,31.218376895258686,0.44598014106250444,True,34.0
aaron judge,25.472062031534776,0.4564090422566398,True,35.0
giancarlo stanton,31.7469292784526,0.41933387586809223,True,34.0
george springer,30.395116117244267,0.47388701144154227,True,33.5
george springer,28.476699579107187,0.5012063188461631,True,33.5
george springer,26.030973918686982,0.46739453563401717,True,33.5
giancarlo stanton,25.177127981159636,0.458378996037223,True,34.0
aaron judge,27.850009696105943,0.5113858595342191,True,35.0
mookie betts,27.746920162275728,0.5277207466596234,True,33.5
alex bregman,25.080647696048327,0.44108261170736845,True,33.5
alex bregman,24.513546988984608,0.45292421956119544,True,33.5
manny machado,31.825016688444148,0.36904920824699466,True,34.0
nolan arenado,23.27466436855421,0.27876880083429506,True,34.0
alex bregman,25.781332933653548,0.4841333600560171,True,33.5
luis robert,31.451130653703256,0.43407812224972303,True,34.0
mookie betts,25.445320166109582,0.5330219821239371,True,33.5
manny machado,26.831560087788457,0.4095809075032202,True,34.0
mookie betts,25.22814165877166,0.44436161312896394,True,33.5
nolan arenado,25.951537765395525,0.43681459632441877,True,34.0
george springer,28.40642225108414,0.5506554961794362,True,33.5
giancarlo stanton,31.15838693750667,0.45108800076348216,True,34.0
luis robert,32.548825105326344,0.38529861312130825,True,34.0
mookie betts,28.210274360082852,0.4838708110389884,True,33.5
nolan arenado,24.492957303151506,0.42735831051920237,True,34.0
nolan arenado,26.820954162331553,0.5473781444836471,True,34.0
nolan arenado,32.375700967482146,0.4409932385243723,True,34.0
manny machado,29.734793742846186,0.514584154707107,True,34.0
pete alonso,31.252679951188682,0.4162501790799732,True,34.0
luis robert,31.077872178811,0.47645232644243224,True,34.0
manny machado,32.41145430981262,0.3804042683630437,True,34.0
alex bregman,30.962314006910155,0.35442242958004716,True,33.5
luis robert,27.765610045828577,0.5590566319353805,True,34.0
mookie betts,25.856774072678633,0.46305069864670245,True,33.5
aaron judge,24.85840250096497,0.3636167913610981,True,35.0
manny machado,26.73289863974311,0.5207817878644482,True,34.0
giancarlo stanton,26.252701247870064,0.5035675760545222,True,34.0
nolan arenado,30.15515331034748,0.5243344650591881,True,34.0
nolan arenado,30.604305583952723,0.4288882564785842,True,34.0
george springer,28.44160463610532,0.5341598645441632,True,33.5
mookie betts,30.940637453153137,0.45891568364264246,True,33.5
luis robert,27.146621321184153,0.45807524339595207,True,34.0
evan longoria,30.002764910112266,0.44894185628422983,True,33.0
nolan arenado,26.971729403945268,0.47922398749164885,True,34.0
aaron judge,26.45086763320657,0.5055401965151409,True,35.0
pete alonso,25.010846443125345,0.5159640218274014,True,34.0
luis robert,32.00584176662908,0.4230414680595435,True,34.0
george springer,26.345272633585466,0.5501405122506516,True,33.5
luis robert,31.918714095119213,0.4185472956630246,True,34.0
aaron judge,29.070583975328823,0.5252322440008711,True,35.0
giancarlo stanton,26.349777291208333,0.5447494522994838,True,34.0
nolan arenado,27.06295224215565,0.5039209663143824,True,34.0
alex bregman,27.971899808957964,0.5969763849339026,True,33.5
giancarlo stanton,33.21187614946556,0.36457985166783985,True,34.0
pete alonso,27.68058527106853,0.5740016171128977,True,34.0
aaron judge,29.645693040955585,0.5200463120053668,True,35.0
alex bregman,26.81361841870633,0.574568353261653,True,33.5
giancarlo stanton,31.198039439700366,0.4367785312525447,True,34.0
george springer,23.779029520561153,0.3213519665901311,True,33.5
luis robert,23.490986719345955,0.41841368775857896,True,34.0
george springer,28.239709996886965,0.5300612925503887,True,33.5
manny machado,23.290943797915514,0.3733354755916001,True,34.0
nolan arenado,30.06657973113565,0.48675698003927803,True,34.0
george springer,25.659028905239897,0.5724527137754861,True,33.5
george springer,24.207775268140796,0.3561230262735555,True,33.5
pete alonso,31.646085673366528,0.49159985385081656,True,34.0
aaron judge,27.145704726447313,0.5229901325528566,True,35.0
luis robert,31.27401360080987,0.4303414560925101,True,34.0
nolan arenado,25.551527239356155,0.4641052619817971,True,34.0
aaron judge,30.655348211716493,0.535182660954562,True,35.0
nolan arenado,32.898190501042485,0.2864452698871483,True,34.0
mookie betts,28.34112981095802,0.5092935874775326,True,33.5
george springer,27.058700283478654,0.5115025953243333,True,33.5
mookie betts,26.23926116269209,0.4985244744063048,True,33.5
nolan arenado,24.68345567420221,0.4845562510828081,True,34.0
nolan arenado,28.78924230250621,0.5138798680631734,True,34.0
alex bregman,25.29294953930511,0.4341401967561769,True,33.5
nolan arenado,31.734724455455684,0.39534685234779937,True,34.0
mookie betts,29.186956717222433,0.4928412281079484,True,33.5
giancarlo stanton,25.767789461435168,0.47259561788405713,True,34.0
nolan arenado,27.741229174942188,0.5524561888396,True,34.0
kris bryant,30.39404771851544,0.5248466562099067,True,34.0
manny machado,32.459592977425224,0.399444454694772,True,34.0
nolan arenado,31.908406093240707,0.35236800650622846,True,34.0
aaron judge,28.23789026855461,0.4843345434099714,True,35.0
nolan arenado,30.30095418541684,0.4513503664464073,True,34.0
alex bregman,28.33579132599347,0.5928428225634752,True,33.5
pete alonso,31.09353770351491,0.47570433916550875,True,34.0
pete alonso,28.065440735636617,0.5444229873664904,True,34.0
giancarlo stanton,28.896621064780202,0.4755746490991111,True,34.0
george springer,26.07356628137778,0.44171637568980227,True,33.5
pete alonso,31.351507288158363,0.45088414278867106,True,34.0
mookie betts,23.177073418535617,0.33446499163572646,True,33.5
manny machado,33.588633967656044,0.26058892059646244,True,34.0
aaron judge,34.87355828435485,0.2271231915251653,True,35.0
evan longoria,30.27339609832532,0.4892769988544636,True,33.0
kris bryant,32.618701487860164,0.2954505688292715,True,34.0
alex bregman,30.63632010915432,0.50475079775526,True,33.5
alex bregman,29.4191733902781,0.4945746949935934,True,33.5
mookie betts,30.30278123846824,0.4426860111933372,True,33.5
pete alonso,29.918699704761163,0.5021361033213968,True,34.0
george springer,27.489349432499605,0.5559042253730828,True,33.5
manny machado,31.167109501217123,0.4331138560065044,True,34.0
aaron judge,26.173293812024554,0.5132542766614738,True,35.0
george springer,24.345836031140674,0.4002860500538608,True,33.5
manny machado,26.267516741867475,0.5058934541906259,True,34.0
giancarlo stanton,30.703179723840748,0.501969715989419,True,34.0
pete alonso,28.1679558325036,0.5182849352037285,True,34.0
mookie betts,29.063019373119964,0.5578804117860118,True,33.5
pete alonso,31.67823532702587,0.40182376345492954,True,34.0
george springer,24.64677493031439,0.4225763996876835,True,33.5
pete alonso,31.867480599320256,0.4171383666596985,True,34.0
pete alonso,29.33171328015915,0.5474668569948018,True,34.0
aaron judge,31.47597823896759,0.47156225713315153,True,35.0
mike trout,28.435480127684873,0.5281828372758401,True,33.5
george springer,30.295390123629367,0.48729321454319446,True,33.5
george springer,22.80260905637583,0.2595796306982641,True,33.5
manny machado,33.07367827519219,0.384115671705633,True,34.0
manny machado,33.518164438027675,0.2468409166844378,True,34.0
giancarlo stanton,29.94219406182717,0.4196695582667481,True,34.0
alex bregman,25.58432191969964,0.49174869490226725,True,33.5
alex bregman,26.425001965598476,0.5163608896811492,True,33.5
nolan arenado,28.729864005297856,0.4692820986211037,True,34.0
aaron judge,25.59440971719217,0.3824750749522451,True,35.0
manny machado,29.19473637311845,0.5937268144130339,True,34.0
pete alonso,29.944376108722267,0.5287603203158948,True,34.0
george springer,28.93627401402908,0.5955324887874069,True,33.5
alex bregman,29.26566428455391,0.5209157183737616,True,33.5
george springer,30.686074180887132,0.43223902281491844,True,33.5
manny machado,24.435263067997838,0.4135385861425824,True,34.0
pete alonso,32.40491165889899,0.37309019475483735,True,34.0
pete alonso,23.82057042819952,0.29156953489166026,True,34.0
manny machado,29.964952336971248,0.5960704904500996,True,34.0
mookie betts,26.418796961696522,0.534813222973541,True,33.5
mike trout,26.24697612282058,0.5544228311190248,True,33.5
luis robert,33.268033827312,0.310892991870047,True,34.0
manny machado,33.75462523367392,0.2879048944388121,True,34.0
alex bregman,29.120246945827265,0.5025402908848284,True,33.5
pete alonso,28.025068363343113,0.4509746043761017,True,34.0
alex bregman,29.445930866748334,0.47891817546811066,True,33.5
alex bregman,31.208487229538754,0.4618154078529412,True,33.5
george springer,30.56419346795126,0.5043487457184411,True,33.5
luis robert,30.332297972097532,0.533621567128153,True,34.0
mookie betts,26.76185582996459,0.5196569865217429,True,33.5
giancarlo stanton,32.28298416649328,0.42231918244168865,True,34.0
aaron judge,34.929974622605634,0.28241251284058666,True,35.0
pete alonso,25.934945904193928,0.46211825175943466,True,34.0
alex bregman,31.40134927501622,0.4443145025163649,True,33.5
aaron judge,29.450887818808468,0.4351419119600618,True,35.0
aaron judge,30.885530823358703,0.43854000846816704,True,35.0
aaron judge,32.197759752419515,0.436940087142867,True,35.0
mookie betts,23.67321738332883,0.32678680963418466,True,33.5
mookie betts,27.915165194373092,0.5866023730934264,True,33.5
nolan arenado,32.154902341352376,0.3417438365410835,True,34.0
mookie betts,29.61461655281443,0.5195222572819672,True,33.5
alex bregman,29.942110554164497,0.44877974786174585,True,33.5
aaron judge,29.824341890743323,0.5860948031605524,True,35.0
nolan arenado,33.120016240153035,0.3968214831559308,True,34.0
manny machado,33.98931197088635,0.2520695584630628,True,34.0
nolan arenado,33.806027659979435,0.28130430719528454,True,34.0
aaron judge,26.005922901150125,0.4082795061533177,True,35.0
aaron judge,25.541030643772867,0.48426688819946034,True,35.0
manny machado,28.255432578479915,0.5515706017906588,True,34.0
alex bregman,29.482698119598677,0.4833141812294348,True,33.5
giancarlo stanton,33.3728692064218,0.23871328586586538,True,34.0
manny machado,28.417180271038497,0.48819825328421596,True,34.0
alex bregman,25.528338170376212,0.4702990440864557,True,33.5
