pitch_group,k,aic,bic,log_likelihood,n_iter,converged
4F,1,1935369.3506344126,1935502.1662245344,-967670.6753172063,2,True
4F,2,1814102.2687394216,1814377.3867475311,-907022.1343697108,13,True
4F,3,1743034.313338225,1743451.7337643222,-871473.1566691125,16,True
4F,4,1674026.8592332317,1674586.5820773167,-836954.4296166159,20,True
4F,5,1623843.118533875,1624545.1437959478,-811847.5592669375,21,True
4F,6,1619169.4582607637,1620013.785940824,-809495.7291303818,22,True
4F,7,1579340.0052491655,1580326.6353472136,-789566.0026245827,15,True
4F,8,1538997.289639147,1540126.2221551829,-769379.6448195735,17,True
4F,9,1505194.9823441294,1506466.217278153,-752463.4911720647,17,True
4F,10,1491374.4685728233,1492788.0059248346,-745538.2342864117,21,True
4F,11,1490577.847970683,1492133.687740682,-745124.9239853414,24,True
4F,12,1463693.284167238,1465391.4263552248,-731667.642083619,27,True
4F,13,1438537.1882534074,1440377.6328593818,-719074.5941267037,30,True
4F,14,1421356.656231082,1423339.4032550442,-710469.328115541,22,True
4F,15,1404177.6502030552,1406302.6996450052,-701864.8251015276,33,True
4F,16,1390071.3618862345,1392338.7137461721,-694796.6809431172,34,True
4F,17,1373286.8084800658,1375696.4627579912,-686389.4042400329,32,True
4F,18,1366849.856067909,1369401.812763822,-683155.9280339545,26,True
4F,19,1377128.5305459816,1379822.7896598824,-688280.2652729908,21,True
4F,20,1368314.2251790399,1371150.7867109284,-683858.1125895199,27,True
2F,1,858420.5429284825,858541.9768336829,-429196.27146424126,2,True
2F,2,801374.2150558515,801625.7567166236,-400658.10752792575,3,True
2F,3,748583.3408445946,748964.9902609384,-374247.6704222973,20,True
2F,4,719500.9275354292,720012.6847073447,-359691.4637677146,15,True
2F,5,717941.7538221622,718583.6187496494,-358896.8769110811,15,True
2F,6,695022.2929382623,695794.2656213213,-347422.14646913117,18,True
2F,7,682737.0347876083,683639.1152262391,-341264.51739380416,47,True
2F,8,673032.4532386907,674064.6414328932,-336397.22661934537,17,True
2F,9,650244.468038468,651406.7639882423,-324988.234019234,43,True
2F,10,646827.5164841026,648119.9201894485,-323264.7582420513,28,True
2F,11,635630.66979106,637053.1812519777,-317651.33489553,33,True
2F,12,620799.7084217059,622352.3276381952,-310220.85421085294,27,True
2F,13,611131.301649491,612814.028621552,-305371.6508247455,22,True
2F,14,607219.1126860192,609031.9474136521,-303400.5563430096,26,True
2F,15,600740.7948480581,602683.7373312628,-300146.39742402907,24,True
2F,16,596187.59984546,598260.6500842364,-297854.79992273,29,True
2F,17,591836.4845399708,594039.6425343188,-295664.2422699854,28,True
2F,18,581711.1937219637,584044.4594718835,-290586.59686098184,36,True
2F,19,577220.2227567033,579683.5962621948,-288326.11137835163,23,True
2F,20,572449.7557939817,575043.2370550451,-285925.87789699086,24,True
CF,1,394172.2328167356,394282.7698976947,-197072.1164083678,2,True
CF,2,344552.31893060164,344781.2885983027,-172247.15946530082,12,True
CF,3,325759.6076348155,326107.0098892585,-162835.80381740775,27,True
CF,4,320210.63627992105,320676.47112110595,-160046.31813996052,34,True
CF,5,308112.6131222441,308696.88055017084,-153982.30656112204,32,True
CF,6,301854.1837364755,302556.88375114417,-150838.09186823774,32,True
CF,7,300303.5287418432,301124.6613432538,-150047.7643709216,29,True
CF,8,290925.3055232151,291864.87071136764,-145343.65276160755,41,True
CF,9,290130.36849195213,291188.3662668466,-144931.18424597607,46,True
CF,10,288810.4803121826,289986.910673819,-144256.2401560913,40,True
CF,11,294324.19455487136,295619.05750324967,-146998.09727743568,23,True
CF,12,281266.4765479916,282679.7720831118,-140454.2382739958,40,True
CF,13,292430.9830112181,293962.7111330802,-146021.49150560904,30,True
CF,14,289996.40633276466,291646.5670413687,-144789.20316638233,25,True
CF,15,274185.78400999657,275954.3773053425,-136868.89200499828,32,True
CF,16,273705.3215721117,275592.34745419957,-136613.66078605584,50,True
CF,17,268398.5847090635,270404.0431778933,-133945.29235453176,46,True
CF,18,264581.53010072286,266705.4211562946,-132021.76505036143,47,True
CF,19,271405.7017840094,273648.02542632306,-135418.8508920047,36,True
CF,20,262728.24508059846,265089.001309654,-131065.12254029923,48,True
S,1,990563.4508815614,990686.8893648938,-495267.7254407807,2,True
S,2,944774.3066429262,945030.0006441146,-472358.1533214631,21,True
S,3,878232.1987600867,878620.1482791312,-439072.09938004334,11,True
S,4,841392.4663382546,841912.6713751552,-420637.2331691273,26,True
S,5,829102.7094203943,829755.169975151,-414477.35471019713,20,True
S,6,809992.3098603865,810777.0259329993,-404907.15493019327,38,True
S,7,786462.3640542888,787379.3356447577,-393127.1820271444,37,True
S,8,782465.4048886125,783514.6319969374,-391113.7024443062,33,True
S,9,767801.1620778737,768982.6447040548,-383766.58103893686,28,True
S,10,766203.102444307,767516.8405883441,-382952.5512221535,26,True
S,11,756600.1909992921,758046.1846611853,-378136.09549964604,27,True
S,12,752690.0056353115,754268.2548150608,-376166.00281765574,32,True
S,13,751893.8355868643,753604.3402844697,-375752.91779343213,26,True
S,14,730196.6831731806,732039.443388642,-364889.3415865903,44,True
S,15,727923.5863908905,729898.6021242081,-363737.79319544527,45,True
S,16,720553.4505354392,722660.7217866129,-360037.7252677196,48,True
S,17,728788.6163004271,731028.1430694569,-364140.30815021356,51,True
S,18,699686.9066895372,702058.6889764231,-349574.4533447686,51,True
S,19,712592.9377334166,715096.9755381586,-356012.4688667083,34,True
S,20,701895.7031652861,704531.9964878841,-350648.85158264305,43,True
C,1,598028.2943643206,598144.6676859102,-299000.1471821603,2,True
C,2,570088.6390983898,570329.6981216825,-285015.3195491949,30,True
C,3,540360.7428230366,540726.4875480325,-270136.3714115183,12,True
C,4,521747.82103221613,522238.25145891524,-260814.91051610807,14,True
C,5,505420.0455592547,506035.161687657,-252636.02277962735,18,True
C,6,496602.80832890066,497342.61015900614,-248212.40416445033,18,True
C,7,484003.499673261,484867.9872050696,-241897.7498366305,19,True
C,8,474663.29580891,475652.4690424218,-237212.647904455,31,True
C,9,467083.6935156826,468197.5524508976,-233407.8467578413,41,True
C,10,465574.9092143609,466813.453851279,-232638.45460718044,27,True
C,11,454560.86782133824,455924.09815995954,-227116.43391066912,45,True
C,12,447001.34937872505,448489.26541904954,-223321.67468936252,43,True
C,13,446240.7499462557,447853.3516882833,-222926.37497312785,37,True
C,14,439924.62774686364,441661.91519059445,-219753.31387343182,51,True
C,15,435946.4958887305,437808.4690341645,-217749.24794436526,29,True
C,16,428290.84356312774,430277.50241026486,-213906.42178156387,35,True
C,17,430233.90837020206,432345.25291904237,-214862.95418510103,44,True
C,18,427038.6525600448,429274.6828105883,-213250.3262800224,32,True
C,19,420738.93659087754,423099.65254312416,-210085.46829543877,39,True
C,20,416282.25600952486,418767.6576634747,-207842.12800476243,47,True
CH,1,733091.377823862,733210.6021182694,-366531.688911931,2,True
CH,2,653670.6978290735,653917.6624389174,-326806.34891453676,5,True
CH,3,634097.2226998417,634471.9276251222,-317004.61134992086,23,True
CH,4,606165.089352037,606667.534592754,-303023.5446760185,16,True
CH,5,587936.7964058346,588566.9819619881,-293894.3982029173,22,True
CH,6,575228.8432807573,575986.7691523473,-287525.42164037866,22,True
CH,7,560903.4759580446,561789.1421450712,-280347.7379790223,19,True
CH,8,549618.396139585,550631.8026420481,-274690.1980697925,36,True
CH,9,540911.4175891227,542052.5644070223,-270321.70879456133,31,True
CH,10,532768.8432164278,534037.730349764,-266235.4216082139,31,True
CH,11,524874.837430342,526271.4648791146,-262273.418715171,24,True
CH,12,517400.19356340123,518924.56132761046,-258521.09678170062,42,True
CH,13,517427.1286810451,519079.23676069087,-258519.56434052254,21,True
CH,14,505788.91484508396,507568.76324016624,-252685.45742254198,35,True
CH,15,504261.3464568046,506168.9351673234,-251906.6732284023,43,True
CH,16,498324.9481452909,500360.27717124624,-248923.47407264545,36,True
CH,17,498261.84035192465,500424.9096933165,-248876.92017596232,33,True
CH,18,488328.2260125561,490619.0356693845,-243895.11300627806,35,True
CH,19,479629.81376550515,482048.36373777007,-239530.90688275258,45,True
CH,20,480738.01464086084,483284.3049285623,-240070.00732043042,28,True
