player,variable,rmse_before,rmse_after,rmse_delta,crps_before,crps_after,crps_delta,cov80_before,cov80_after,cov80_delta,cov90_before,cov90_after,cov90_delta,nll_before,nll_after,nll_delta,bias_before,bias_after,bias_delta
aaron_judge,EV,14.055381754632561,14.191586791241564,0.1362050366090024,7.858591306200645,7.940674559464061,0.08208325326341637,0.852219074598678,0.7974504249291785,-0.05476864966949946,0.9537299338999056,0.931067044381492,-0.022662889518413554,4.021921613794309,4.000768969105407,-0.021152644688901212,-0.5769236118674286,-2.044558690479249,-1.4676350786118206
aaron_judge,LA,24.199752822449536,24.235521957922437,0.035769135472900615,13.867774658720318,13.630516432647507,-0.23725822607281088,0.9102927289896129,0.8640226628895185,-0.04627006610009443,0.965533522190746,0.9357884796978282,-0.02974504249291776,4.670442853953214,4.626065935392919,-0.04437691856029513,2.219067956528221,2.580067925651729,0.3609999691235082
aaron_judge,SA,28.763798293604513,28.79906691208974,0.035268618485226,16.1286682290551,16.12651750064085,-0.002150728414250125,0.7436260623229461,0.7483474976392823,0.0047214353163361755,0.8569405099150141,0.8574126534466477,0.00047214353163360645,4.734282789035429,4.7315433075911795,-0.002739481444249847,0.8025246646593516,1.6353007580389312,0.8327760933795796
aaron_judge,Value,0.667253621456847,0.6671120752839049,-0.00014154617294204197,0.3748484590036374,0.37397848963724006,-0.0008699693663973274,0.8130311614730878,0.7932011331444759,-0.019830028328611915,0.9145420207743153,0.898961284230406,-0.015580736543909346,0.7043465370400971,0.6822043547012361,-0.022142182338861005,-0.14165736032582943,-0.1409891250302776,0.0006682352955518223
alex_bregman,EV,12.620616659409155,12.763689807762846,0.14307314835369134,6.852736475058599,6.8783819383536615,0.025645463295062676,0.8766653977921584,0.8332698896079178,-0.04339550818424054,0.9402360106585459,0.9078797106966121,-0.03235629996193379,3.9022634897219035,3.913430844569041,0.011167354847137378,1.349730396025933,2.335291156791712,0.9855607607657788
alex_bregman,LA,28.67987555690643,28.4811300899694,-0.1987454669370301,16.17345760298477,16.0177047255527,-0.155752877432068,0.825656642558051,0.7811191473163304,-0.04453749524172068,0.9139703083365055,0.8732394366197183,-0.04073087171678724,4.781074038176746,4.768366497281925,-0.01270754089482029,-6.037538365726515,-5.009129541121986,1.0284088246045293
alex_bregman,SA,31.540234415018467,31.24815739385039,-0.2920770211680761,17.111654055212796,17.005738613803228,-0.10591544140956799,0.7487628473543967,0.728968405024743,-0.01979444232965366,0.8443090978302246,0.8252759802055577,-0.019033117624666862,4.921400492615883,4.944951903082085,0.023551410466201794,-4.4016896925587075,-1.0177552289765446,3.383934463582163
alex_bregman,Value,0.5025204075955763,0.5031754394959749,0.0006550319003986171,0.2756404785832453,0.27591721886330717,0.00027674028006186013,0.7845451084887705,0.7712219261515036,-0.013323182337266815,0.8979824895317853,0.8877046060144652,-0.010277883517320063,0.5177919538905316,0.5028128904732224,-0.014979063417309146,0.01042727454932435,0.02770362641370805,0.0172763518643837
evan_longoria,EV,12.714439024681392,12.7444167156887,0.02997769100730885,6.971873176136642,6.972074007170832,0.00020083103419032966,0.8929068150208623,0.8233657858136301,-0.06954102920723226,0.9513212795549374,0.9401947148817803,-0.011126564673157091,3.9079614940371137,3.878387866150647,-0.02957362788646689,-0.3112684738864857,-0.9274080944331473,-0.6161396205466616
evan_longoria,LA,26.481361324867958,26.49220991219607,0.010848587328112558,15.028710945391307,14.900311960166842,-0.12839898522446447,0.8678720445062587,0.8344923504867872,-0.033379694019471495,0.9429763560500696,0.9207232267037552,-0.022253129346314404,4.724371478134545,4.700691580308113,-0.023679897826432317,1.7569714261394243,1.9135404374921858,0.15656901135276158
evan_longoria,SA,31.04159180984556,31.14860933787887,0.10701752803331033,17.135911508164426,17.200820526507748,0.06490901834332163,0.7371349095966621,0.7524339360222532,0.015299026425591111,0.8372739916550765,0.8428372739916551,0.0055632823365785455,4.920587347859425,4.922386469742064,0.0017991218826391986,-5.076387159700359,-5.694308403124549,-0.6179212434241901
evan_longoria,Value,0.5588933089585074,0.5590512048594646,0.00015789590095716122,0.30447214047303534,0.30357771898839786,-0.0008944214846374754,0.8303198887343533,0.8066759388038943,-0.02364394993045893,0.9248956884561892,0.9123783031988874,-0.012517385257301838,0.585151249355526,0.5324585672049672,-0.05269268215055878,-0.016570156511656053,-0.021238854560690745,-0.004668698049034692
george_springer,EV,15.535805326355801,15.526138184188996,-0.009667142166804865,8.617808186371636,8.65774273236968,0.0399345459980438,0.8108108108108109,0.7486057486057486,-0.06220506220506228,0.9086229086229086,0.8751608751608752,-0.03346203346203347,4.132471862689447,4.123293145917788,-0.00917871677165838,0.5733259131721553,0.1685893793244304,-0.4047365338477249
george_springer,LA,28.076044146349385,27.873363607492415,-0.20268053885697057,16.04375931789358,15.684532754533485,-0.35922656336009595,0.882024882024882,0.8455598455598455,-0.036465036465036516,0.9532389532389532,0.9266409266409267,-0.02659802659802657,4.79818468267152,4.756637058875174,-0.04154762379634658,3.513935499950332,-1.0039355484960382,-4.51787104844637
george_springer,SA,30.774550554448325,30.889448089476808,0.11489753502848288,16.894044423008875,16.874748457129318,-0.019295965879557286,0.7202917202917203,0.767052767052767,0.046761046761046754,0.8318318318318318,0.8738738738738738,0.04204204204204198,4.943917092046984,4.849574147642724,-0.09434294440425983,-1.4703256574062857,-3.040871418362456,-1.5705457609561702
george_springer,Value,0.5285080542850622,0.5271345751644643,-0.0013734791205979313,0.28615298736650535,0.28378971213513776,-0.0023632752313675898,0.8258258258258259,0.7966537966537967,-0.029172029172029212,0.9330759330759331,0.9073359073359073,-0.025740025740025763,0.5418155853109986,0.5123964416260147,-0.029419143684983884,-0.0527667684312223,-0.03652983356535133,0.016236934865870967
giancarlo_stanton,EV,17.387989026544723,16.623312567981106,-0.764676458563617,9.72675620946277,9.36573385858576,-0.3610223508770112,0.8035375868603917,0.7454200884396716,-0.058117498420720115,0.8932406822488945,0.8742893240682249,-0.01895135818066962,4.241310098670783,4.173765109654333,-0.0675449890164499,5.83625130472285,2.8379900700034426,-2.9982612347194078
giancarlo_stanton,LA,29.976284280743403,30.019546407626528,0.04326212688312481,16.85987877364045,16.90039653311345,0.04051775947300129,0.8212255211623499,0.7687934301958307,-0.05243209096651924,0.9084017687934302,0.8610233733417562,-0.047378395451673994,4.8195239674477905,4.822258422010423,0.002734454562632216,0.9295193740626697,-1.8599875016936736,-2.7895068757563433
giancarlo_stanton,SA,31.480857493922166,31.502624087394402,0.021766593472236195,17.265058141558857,17.28092379557492,0.015865654016064212,0.6885660138976627,0.6961465571699305,0.007580543272267759,0.8048010107391029,0.8073278584965256,0.0025268477574226234,5.034785389712624,4.945008522539231,-0.08977686717339317,-2.0521967648938264,-2.3627203391191833,-0.3105235742253569
giancarlo_stanton,Value,0.5981036912075908,0.5964177869276454,-0.001685904279945416,0.32694476663781863,0.3263358083653493,-0.0006089582724693177,0.8370183196462413,0.7915350600126342,-0.04548325963360711,0.9153506001263424,0.8945041061276058,-0.020846493998736615,0.6161531358822182,0.5751166449698788,-0.04103649091233941,0.05100239277847529,0.024236237262720506,-0.026766155515754786
kris_bryant,EV,14.532228391476808,14.689337096417352,0.15710870494054419,8.13718365692477,8.180175656963549,0.04299200003877779,0.7940298507462686,0.7343283582089553,-0.05970149253731338,0.9114427860696518,0.8537313432835821,-0.057711442786069655,4.040265114528862,4.097304392623848,0.057039278094986656,-0.5164704809518952,2.2040199790004493,2.7204904599523445
kris_bryant,LA,26.900703148500142,26.968802626718396,0.06809947821825446,15.31480845365561,15.091863841962633,-0.2229446116929772,0.900497512437811,0.8587064676616916,-0.04179104477611939,0.9562189054726368,0.9263681592039801,-0.02985074626865669,4.761851540353138,4.718093307721887,-0.04375823263125156,1.4704923805317076,2.414711799857171,0.9442194193254636
kris_bryant,SA,29.75886179363532,29.778512023632736,0.019650229997417057,16.360706834810763,16.399250843091558,0.03854400828079463,0.7194029850746269,0.718407960199005,-0.0009950248756218638,0.8199004975124378,0.8119402985074626,-0.007960199004975133,4.801083250733647,4.8291491716697,0.028065920936052535,-0.17266265183868335,1.0953243721800368,1.26798702401872
kris_bryant,Value,0.5209050527937291,0.5166296624945736,-0.004275390299155468,0.2847656894036788,0.28041601195041976,-0.004349677453259038,0.7990049751243781,0.8039800995024876,0.004975124378109541,0.9164179104477612,0.9124378109452737,-0.003980099502487566,0.5156783981202493,0.5000863783533134,-0.015592019766935916,-0.09137016555402755,-0.0625511094752903,0.02881905607873725
luis_robert,EV,15.262152673272297,15.228167850948513,-0.033984822323784414,8.551226709346722,8.59641769704051,0.04519098769378793,0.7839951865222623,0.7232250300842359,-0.06077015643802641,0.9139590854392299,0.8598074608904934,-0.054151624548736454,4.10068261890797,4.101462316492545,0.0007796975845746346,1.035503374836594,-0.18989237395719272,-1.2253957487937868
luis_robert,LA,28.006981921911052,28.377914687012737,0.37093276510168494,15.832916455530949,15.884581534687486,0.051665079156537175,0.8646209386281588,0.8267148014440433,-0.03790613718411551,0.9422382671480144,0.9193742478941035,-0.022864019253910906,4.774774657895628,4.76440851740441,-0.010366140491217202,4.250207695985095,6.243338135014946,1.9931304390298514
luis_robert,SA,31.735291036645613,31.413533386511244,-0.3217576501343693,17.426706636075703,17.252720514511413,-0.17398612156429039,0.7178098676293622,0.7256317689530686,0.007821901323706415,0.822503008423586,0.8237063778580024,0.001203369434416346,4.897111158555211,4.915565157124005,0.018453998568793928,-4.601459468757108,-0.9245603752441309,3.676899093512977
luis_robert,Value,0.5422819909235996,0.5442544398177913,0.0019724488941916807,0.2966601099470944,0.2971665542393845,0.0005064442922900758,0.8327316486161251,0.8237063778580024,-0.009025270758122761,0.9265944645006017,0.9175691937424789,-0.009025270758122761,0.5650704606903029,0.5539635730569511,-0.01110688763335177,-0.04770399875326636,-0.0664741233741859,-0.018770124620919537
manny_machado,EV,14.710809939967538,14.293577495695407,-0.41723244427213046,8.139266100345118,7.922083815672143,-0.21718228467297518,0.8603871928518243,0.8343261355174981,-0.026061057334326176,0.9259121370067014,0.919210722263589,-0.006701414743112366,4.094063969373662,4.032681010057363,-0.06138295931629845,3.8695721977684485,1.6947027849581815,-2.174869412810267
manny_machado,LA,28.82594370511848,28.99679462895544,0.17085092383695866,16.200925722806762,16.23925642676674,0.03833070395997851,0.8328369322412509,0.7866716306775875,-0.046165301563663386,0.9095309009679822,0.8756515264333582,-0.033879374534623974,4.785631677826961,4.78308647901168,-0.0025451988152811467,-0.8978734353546454,-3.2688292964109777,-2.3709558610563324
manny_machado,SA,32.463756616989485,32.53637012470702,0.07261350771753428,17.77667043057435,17.725254712801718,-0.0514157177726311,0.6902457185405808,0.7062546537602383,0.016008935219657516,0.797096053611318,0.8145941921072226,0.017498138495904647,5.15161726639167,5.0770210938593845,-0.0745961725322859,-0.3544239407738119,-2.201250447948388,-1.8468265071745762
manny_machado,Value,0.5341556330833996,0.5337966305205951,-0.00035900256280452236,0.29196631131259604,0.2919273554173627,-3.895589523333909e-05,0.8127326880119137,0.7654504839910647,-0.04728220402084893,0.9240506329113924,0.8894266567386448,-0.034623976172747595,0.5848465940565196,0.5187950427563258,-0.0660515513001938,0.021832816685226852,0.009657861296580528,-0.012174955388646325
mike_trout,EV,15.668477027389674,15.486535901055033,-0.18194112633464066,8.640794623798373,8.584823761991718,-0.05597086180665478,0.8439834024896266,0.7800829875518672,-0.06390041493775933,0.9186721991701244,0.8995850622406639,-0.019087136929460513,4.123293249745735,4.120283344384313,-0.003009905361421872,2.768169523263097,1.412226740417836,-1.3559427828452613
mike_trout,LA,25.88291924184805,25.76045829383371,-0.12246094801433927,14.5523407256631,14.399707403068746,-0.15263332259435458,0.8647302904564316,0.8149377593360996,-0.049792531120331995,0.9319502074688797,0.8995850622406639,-0.032365145228215764,4.691838743372048,4.667810102883079,-0.02402864048896891,-4.891640015730896,-4.195693634170365,0.6959463815605318
mike_trout,SA,30.83775635951294,30.86656592058282,0.028809561069877532,17.4657796752276,17.562270761824117,0.09649108659651517,0.6796680497925311,0.6697095435684647,-0.009958506224066466,0.7950207468879668,0.7858921161825726,-0.009128630705394158,4.952570901462558,4.968616904071493,0.016046002608935517,0.16871788681270594,1.3439271432388786,1.1752092564261727
mike_trout,Value,0.6219160605613455,0.6229992777574456,0.0010832171961000503,0.343796893399113,0.34437867890975626,0.0005817855106432512,0.7817427385892116,0.7518672199170124,-0.029875518672199175,0.8995850622406639,0.870539419087137,-0.02904564315352698,0.6279376681148322,0.5968451478391803,-0.031092520275651903,-0.06068566684379029,-0.07093140251278773,-0.010245735668997447
mookie_betts,EV,12.27239124942594,11.956094801783273,-0.3162964476426673,6.764025345383449,6.4809270764587374,-0.2830982689247117,0.8865454545454545,0.8505454545454545,-0.03600000000000003,0.9672727272727273,0.94,-0.027272727272727337,3.8842834037323932,3.8379018747212466,-0.04638152901114667,-2.787469613364891,-0.32650080501470313,2.460968808350188
mookie_betts,LA,25.837832644561665,25.93582553992194,0.09799289536027445,14.728045443633947,14.605658558171378,-0.1223868854625696,0.8727272727272727,0.8225454545454546,-0.050181818181818105,0.9578181818181818,0.928,-0.029818181818181744,4.718268190569674,4.680767805156954,-0.03750038541272005,1.0991847917401785,2.5063235775301997,1.4071387857900213
mookie_betts,SA,30.078274644427037,30.215433748843406,0.13715910441636936,16.623672595030857,16.636181166752312,0.012508571721454587,0.6901818181818182,0.7069090909090909,0.016727272727272702,0.8116363636363636,0.8214545454545454,0.009818181818181837,4.87405987201328,4.9177088789732135,0.043649006959933345,-1.3027406373111976,-3.1570499225170066,-1.854309285205809
mookie_betts,Value,0.5300042329977516,0.5245455084211846,-0.005458724576566931,0.2944382780200325,0.28974228516766226,-0.004695992852370212,0.7741818181818182,0.8087272727272727,0.034545454545454546,0.9087272727272727,0.9196363636363636,0.010909090909090868,0.5714448355590911,0.5314079210156393,-0.04003691454345182,-0.08203890941637715,-0.031207147699409687,0.05083176171696746
nolan_arenado,EV,13.41624676427947,13.40320370508192,-0.013043059197549667,7.434561327103694,7.417572348218367,-0.016988978885327022,0.875142748382185,0.8275599543205177,-0.04758279406166732,0.9429006471259992,0.9269128283212791,-0.01598781880472011,3.9851661750436587,3.976406365549735,-0.008759809493923854,0.6254437513123321,0.20340158784544826,-0.42204216346688384
nolan_arenado,LA,28.989842055921212,28.989035074532694,-0.0008069813885178689,16.4403201984996,16.3022743807222,-0.13804581777739955,0.8553483060525314,0.804339550818424,-0.05100875523410742,0.9394746859535592,0.905595736581652,-0.03387894937190716,4.810205786946962,4.784160270731893,-0.026045516215068787,-0.9512837264013605,-0.9263653994750385,0.02491832692632201
nolan_arenado,SA,32.71026649495754,32.65161378518688,-0.058652709770655065,17.68964863438784,17.643809228156428,-0.04583940623141203,0.704225352112676,0.7129805862200228,0.008755234107346799,0.8275599543205177,0.8252759802055577,-0.0022839741149599524,5.070856802817489,5.082190340205061,0.011333537387572257,-2.9999036124291685,-2.2728330976404845,0.727070514788684
nolan_arenado,Value,0.4988012052574375,0.49877227419046527,-2.893106697221537e-05,0.27078890024547725,0.2701678427808259,-0.0006210574646513534,0.8149980966882375,0.7917776931861439,-0.023220403502093645,0.9212028930338789,0.9101636848115722,-0.011039208222306751,0.4854554389261252,0.4429246979185984,-0.042530741007526796,-0.009439963221812842,-0.007762218786246167,0.0016777444355666749
pete_alonso,EV,15.96753573138873,15.982620769577695,0.015085038188964006,8.872798353213673,8.912529449022761,0.0397310958090884,0.8203546646106399,0.7463377023901311,-0.0740169622205088,0.9097918272937549,0.8704703161141095,-0.03932151117964533,4.152472132252734,4.179704266225912,0.02723213397317803,3.293996497191472,3.366360386897128,0.07236388970565599
pete_alonso,LA,27.599369783864073,27.628147919791576,0.028778135927503,15.635875460695422,15.599316557783142,-0.03655890291227948,0.8585196607555898,0.7983808789514264,-0.06013878180416343,0.933307632999229,0.8982266769468004,-0.03508095605242867,4.751551908936304,4.737600839740379,-0.013951069195925037,-3.5909742734247647,-3.8058430398287477,-0.214868766403983
pete_alonso,SA,32.83071448436136,32.747973417877425,-0.08274106648393342,17.889237847032,17.87120712620593,-0.018030720826068602,0.7139552814186585,0.7070161912104858,-0.006939090208172738,0.8234387047031612,0.8060909791827294,-0.017347725520431734,5.002663093386491,5.039704827388605,0.037041734002114524,-3.444143766587382,-2.5369421966758305,0.9072015699115514
pete_alonso,Value,0.5878427008800052,0.5878054154059095,-3.728547409576066e-05,0.32006088247646874,0.3203202486813867,0.0002593662049179546,0.7956823438704703,0.7679259830377795,-0.02775636083269084,0.8978411719352352,0.8777949113338473,-0.02004626060138781,0.5683784437956785,0.5657856645918595,-0.0025927792038189512,-0.007433803419691465,-0.003380360320593856,0.004053443099097609
