player,n_sim,n_emp,sim_mean_xwOBAcon,emp_mean_xwOBAcon,sim_minus_emp,pct_diff_vs_emp
aaron_judge,17947,2118,0.6729632294277822,0.8139523544580598,-0.1409891250302776,-17.321545205695735
alex_bregman,15952,2627,0.6033946659491134,0.5756910395354053,0.02770362641370805,4.812238598687492
evan_longoria,73448,719,0.6217897036894411,0.6430285582501318,-0.021238854560690745,-3.3029411039671177
george_springer,11896,2331,0.5650185697247865,0.6015484032901378,-0.03652983356535133,-6.0726341164822815
giancarlo_stanton,57389,1583,0.7069539585087468,0.6827177212460263,0.024236237262720506,3.5499645766462624
kris_bryant,13809,1005,0.525767872259217,0.5883189817345073,-0.0625511094752903,-10.632175982300355
luis_robert,13012,1662,0.5611060263134448,0.6275801496876307,-0.0664741233741859,-10.592132878529137
manny_machado,80000,2686,0.63512916898876,0.6254713076921795,0.009657861296580528,1.544093418483964
mike_trout,27153,1205,0.6475840214832932,0.7185154239960809,-0.07093140251278773,-9.871938742566872
mookie_betts,13518,2750,0.564334805678987,0.5955419533783967,-0.031207147699409687,-5.240125825288622
nolan_arenado,25353,2627,0.5464354488655055,0.5541976676517517,-0.007762218786246167,-1.4006227812427048
pete_alonso,23493,2594,0.652990503918602,0.6563708642391959,-0.003380360320593856,-0.5150076739789563
