player,sim_rank,emp_rank,rank_delta_sim_minus_emp,sim_mean_xwOBAcon,emp_mean_xwOBAcon,sim_minus_emp
alex_bregman,7,11,-4,0.6033946659491134,0.5756910395354053,0.02770362641370805
giancarlo_stanton,1,3,-2,0.7069539585087468,0.6827177212460263,0.024236237262720506
manny_machado,5,7,-2,0.63512916898876,0.6254713076921795,0.009657861296580528
pete_alonso,3,4,-1,0.652990503918602,0.6563708642391959,-0.003380360320593856
nolan_arenado,11,12,-1,0.5464354488655055,0.5541976676517517,-0.007762218786246167
mookie_betts,9,9,0,0.564334805678987,0.5955419533783967,-0.031207147699409687
george_springer,8,8,0,0.5650185697247865,0.6015484032901378,-0.03652983356535133
evan_longoria,6,5,1,0.6217897036894411,0.6430285582501318,-0.021238854560690745
aaron_judge,2,1,1,0.6729632294277822,0.8139523544580598,-0.1409891250302776
kris_bryant,12,10,2,0.525767872259217,0.5883189817345073,-0.0625511094752903
mike_trout,4,2,2,0.6475840214832932,0.7185154239960809,-0.07093140251278773
luis_robert,10,6,4,0.5611060263134448,0.6275801496876307,-0.0664741233741859
