hitter,pitch_cluster,mean_xwOBAcon,std_xwOBAcon,n_draws,cluster_rank_within_hitter
Aaron Judge,0,0.6704,0.5896,3072,48
Aaron Judge,1,0.7208,0.6552,3584,56
Aaron Judge,2,0.5229,0.4595,8192,5
Aaron Judge,3,0.6731,0.5968,16384,49
Aaron Judge,4,0.6971,0.6495,11264,53
Aaron Judge,5,0.686,0.6357,5632,51
Aaron Judge,6,0.6999,0.6281,9216,55
Aaron Judge,7,0.635,0.5491,4096,32
Aaron Judge,8,0.6689,0.5844,16384,46
Aaron Judge,9,0.7789,0.6809,4608,57
Aaron Judge,10,0.6973,0.5623,16384,54
Aaron Judge,11,0.6511,0.5236,16384,40
Aaron Judge,12,0.4867,0.3855,10752,2
Aaron Judge,13,0.6743,0.5569,6656,50
Aaron Judge,14,0.6082,0.492,10240,21
Aaron Judge,15,0.464,0.3684,4608,1
Aaron Judge,16,0.6083,0.5013,7168,22
Aaron Judge,17,0.6408,0.5302,16384,36
Aaron Judge,18,0.6268,0.5006,16384,29
Aaron Judge,19,0.6601,0.5895,14848,42
Aaron Judge,20,0.664,0.6096,3584,45
Aaron Judge,21,0.6114,0.5409,4608,24
Aaron Judge,22,0.516,0.4587,16384,4
Aaron Judge,23,0.5932,0.5579,16384,13
Aaron Judge,24,0.6075,0.544,5120,20
Aaron Judge,25,0.6493,0.5948,12800,39
Aaron Judge,26,0.6566,0.5922,6144,41
Aaron Judge,27,0.6283,0.5405,7680,30
Aaron Judge,28,0.6074,0.5306,10752,19
Aaron Judge,29,0.6139,0.5249,5120,25
Aaron Judge,30,0.6101,0.5556,16384,23
Aaron Judge,31,0.6192,0.5705,15360,27
Aaron Judge,32,0.6253,0.5276,3072,28
Aaron Judge,33,0.5936,0.4923,4608,14
Aaron Judge,34,0.6019,0.5318,6656,17
Aaron Judge,35,0.5008,0.418,7680,3
Aaron Judge,36,0.6602,0.5947,11776,43
Aaron Judge,37,0.6433,0.5376,4096,37
Aaron Judge,38,0.6164,0.5405,10752,26
Aaron Judge,39,0.5916,0.516,15360,12
Aaron Judge,40,0.5691,0.4946,8704,8
Aaron Judge,41,0.6395,0.5578,16384,35
Aaron Judge,42,0.6458,0.5898,4096,38
Aaron Judge,43,0.6069,0.5351,16384,18
Aaron Judge,44,0.6295,0.5506,16384,31
Aaron Judge,45,0.5257,0.4821,16384,6
Aaron Judge,46,0.6379,0.5556,10752,34
Aaron Judge,47,0.574,0.484,16384,9
Aaron Judge,48,0.6921,0.5797,6144,52
Aaron Judge,49,0.5361,0.4659,16384,7
Aaron Judge,50,0.6634,0.5826,4096,44
Aaron Judge,51,0.5997,0.5343,16384,16
Aaron Judge,52,0.6366,0.5311,5120,33
Aaron Judge,53,0.5844,0.5212,16384,11
Aaron Judge,54,0.6699,0.59,16384,47
Aaron Judge,55,0.5986,0.5056,6144,15
Aaron Judge,56,0.5826,0.5059,13312,10
Alex Bregman,0,0.5715,0.5147,3584,28
Alex Bregman,1,0.6041,0.5657,16384,46
Alex Bregman,2,0.4539,0.4104,3072,3
Alex Bregman,3,0.5788,0.5293,9216,33
Alex Bregman,4,0.6283,0.5806,4608,54
Alex Bregman,5,0.5356,0.5038,13312,16
Alex Bregman,6,0.6258,0.5742,3584,52
Alex Bregman,7,0.5083,0.4503,16384,9
Alex Bregman,8,0.5723,0.5138,12288,30
Alex Bregman,9,0.6334,0.5762,6656,56
Alex Bregman,10,0.5865,0.4992,8192,40
Alex Bregman,11,0.6281,0.5164,16384,53
Alex Bregman,12,0.4734,0.4021,16384,5
Alex Bregman,13,0.5874,0.5155,16384,42
Alex Bregman,14,0.5318,0.4407,16384,15
Alex Bregman,15,0.4544,0.3684,16384,4
Alex Bregman,16,0.568,0.4572,3072,26
Alex Bregman,17,0.5786,0.4775,9728,32
Alex Bregman,18,0.5587,0.4763,9216,22
Alex Bregman,19,0.6085,0.5469,9728,49
Alex Bregman,20,0.572,0.5243,7680,29
Alex Bregman,21,0.5589,0.5058,7680,23
Alex Bregman,22,0.4518,0.3909,7168,2
Alex Bregman,23,0.4973,0.4611,16384,7
Alex Bregman,24,0.5276,0.4717,12288,13
Alex Bregman,25,0.6018,0.5583,16384,44
Alex Bregman,26,0.6027,0.5344,16384,45
Alex Bregman,27,0.6057,0.5403,16384,47
Alex Bregman,28,0.576,0.5078,4096,31
Alex Bregman,29,0.5501,0.4621,16384,19
Alex Bregman,30,0.58,0.5208,16384,34
Alex Bregman,31,0.5833,0.5527,16384,37
Alex Bregman,32,0.5872,0.5136,16384,41
Alex Bregman,33,0.5477,0.4707,6656,18
Alex Bregman,34,0.5529,0.4951,4608,20
Alex Bregman,35,0.4499,0.3682,16384,1
Alex Bregman,36,0.5571,0.5156,16384,21
Alex Bregman,37,0.6192,0.5291,3072,51
Alex Bregman,38,0.5996,0.5175,16384,43
Alex Bregman,39,0.584,0.5113,16384,38
Alex Bregman,40,0.5306,0.4524,6144,14
Alex Bregman,41,0.608,0.5226,16384,48
Alex Bregman,42,0.5658,0.5211,7168,25
Alex Bregman,43,0.5608,0.4931,13312,24
Alex Bregman,44,0.5842,0.5187,5632,39
Alex Bregman,45,0.4866,0.4367,14336,6
Alex Bregman,46,0.5811,0.4965,8192,35
Alex Bregman,47,0.5466,0.4542,6144,17
Alex Bregman,48,0.6682,0.5609,16384,57
Alex Bregman,49,0.5038,0.4317,7168,8
Alex Bregman,50,0.6151,0.5294,8704,50
Alex Bregman,51,0.5688,0.4915,3584,27
Alex Bregman,52,0.6332,0.5182,16384,55
Alex Bregman,53,0.5205,0.444,9728,12
Alex Bregman,54,0.5829,0.5177,6656,36
Alex Bregman,55,0.519,0.4214,16384,11
Alex Bregman,56,0.5093,0.4189,4096,10
Evan Longoria,0,0.5995,0.5883,10752,27
Evan Longoria,1,0.6539,0.6445,3072,50
Evan Longoria,2,0.5014,0.4917,9728,5
Evan Longoria,3,0.5763,0.589,16384,15
Evan Longoria,4,0.6478,0.6224,8704,48
Evan Longoria,5,0.5799,0.5882,16384,18
Evan Longoria,6,0.6303,0.6157,6144,41
Evan Longoria,7,0.5334,0.535,16384,7
Evan Longoria,8,0.602,0.5846,16384,28
Evan Longoria,9,0.7547,0.6726,16384,57
Evan Longoria,10,0.6358,0.5454,13824,45
Evan Longoria,11,0.6581,0.5523,7168,51
Evan Longoria,12,0.4649,0.3958,16384,2
Evan Longoria,13,0.6623,0.5651,7680,52
Evan Longoria,14,0.5797,0.4786,16384,17
Evan Longoria,15,0.4708,0.3958,16384,3
Evan Longoria,16,0.6225,0.5286,16384,38
Evan Longoria,17,0.6705,0.5491,15872,54
Evan Longoria,18,0.6242,0.5376,16384,39
Evan Longoria,19,0.6329,0.5855,6144,43
Evan Longoria,20,0.6296,0.5924,11264,40
Evan Longoria,21,0.5991,0.5472,16384,26
Evan Longoria,22,0.4889,0.4484,16384,4
Evan Longoria,23,0.5725,0.5231,12800,14
Evan Longoria,24,0.562,0.534,7680,11
Evan Longoria,25,0.6355,0.5857,6144,44
Evan Longoria,26,0.6403,0.5776,14336,46
Evan Longoria,27,0.5989,0.563,16384,25
Evan Longoria,28,0.559,0.5352,10240,10
Evan Longoria,29,0.5957,0.5184,13312,24
Evan Longoria,30,0.6025,0.5552,16384,29
Evan Longoria,31,0.5773,0.5735,15872,16
Evan Longoria,32,0.5829,0.53,3584,20
Evan Longoria,33,0.6065,0.5358,10240,31
Evan Longoria,34,0.55,0.5375,5632,9
Evan Longoria,35,0.4637,0.4212,16384,1
Evan Longoria,36,0.6096,0.5896,4096,33
Evan Longoria,37,0.6514,0.5491,16384,49
Evan Longoria,38,0.6085,0.5527,12800,32
Evan Longoria,39,0.6044,0.5509,16384,30
Evan Longoria,40,0.5813,0.5212,9728,19
Evan Longoria,41,0.6159,0.5683,12800,34
Evan Longoria,42,0.6188,0.5916,4608,36
Evan Longoria,43,0.5927,0.5448,10752,22
Evan Longoria,44,0.6173,0.5666,5632,35
Evan Longoria,45,0.5034,0.4756,16384,6
Evan Longoria,46,0.6327,0.5573,6144,42
Evan Longoria,47,0.5869,0.4981,3072,21
Evan Longoria,48,0.6989,0.6073,16384,56
Evan Longoria,49,0.5341,0.4902,3072,8
Evan Longoria,50,0.6645,0.5895,5120,53
Evan Longoria,51,0.6191,0.5521,13312,37
Evan Longoria,52,0.6816,0.5798,7680,55
Evan Longoria,53,0.5702,0.5157,7168,13
Evan Longoria,54,0.6477,0.5916,5120,47
Evan Longoria,55,0.593,0.5157,16384,23
Evan Longoria,56,0.5671,0.508,10752,12
George Springer,0,0.5553,0.5448,4096,47
George Springer,1,0.5755,0.5939,11264,54
George Springer,2,0.4508,0.4232,6656,6
George Springer,3,0.5361,0.5417,9216,37
George Springer,4,0.5571,0.5697,8704,49
George Springer,5,0.5052,0.5354,3584,23
George Springer,6,0.577,0.5751,16384,55
George Springer,7,0.4936,0.4926,16384,15
George Springer,8,0.5514,0.5515,9216,43
George Springer,9,0.6344,0.6213,14848,57
George Springer,10,0.5466,0.4893,14336,41
George Springer,11,0.571,0.4949,5632,53
George Springer,12,0.4463,0.3803,16384,4
George Springer,13,0.5701,0.5136,7168,52
George Springer,14,0.505,0.4355,6144,22
George Springer,15,0.4207,0.3397,16384,2
George Springer,16,0.5538,0.4644,16384,46
George Springer,17,0.5565,0.4705,9728,48
George Springer,18,0.549,0.4832,11264,42
George Springer,19,0.5415,0.5214,14336,39
George Springer,20,0.5517,0.5412,16384,44
George Springer,21,0.5186,0.4756,16384,29
George Springer,22,0.4339,0.3916,15872,3
George Springer,23,0.4508,0.4436,3072,5
George Springer,24,0.502,0.481,16384,19
George Springer,25,0.5638,0.532,13824,50
George Springer,26,0.5447,0.5353,16384,40
George Springer,27,0.5263,0.5075,16384,31
George Springer,28,0.5016,0.4722,9216,18
George Springer,29,0.4734,0.428,7168,9
George Springer,30,0.5082,0.4863,16384,25
George Springer,31,0.4922,0.4937,4096,13
George Springer,32,0.5083,0.4669,16384,26
George Springer,33,0.498,0.4341,9728,16
George Springer,34,0.4814,0.4512,12800,11
George Springer,35,0.418,0.3509,10752,1
George Springer,36,0.5044,0.4982,9728,21
George Springer,37,0.535,0.4605,16384,35
George Springer,38,0.5355,0.4889,3072,36
George Springer,39,0.5312,0.4733,16384,34
George Springer,40,0.4844,0.415,11776,12
George Springer,41,0.5365,0.4927,6656,38
George Springer,42,0.5108,0.5003,7168,27
George Springer,43,0.5167,0.4656,6144,28
George Springer,44,0.53,0.5062,5120,33
George Springer,45,0.4658,0.4265,7168,7
George Springer,46,0.5519,0.4908,7680,45
George Springer,47,0.5073,0.4276,4608,24
George Springer,48,0.595,0.5228,16384,56
George Springer,49,0.4664,0.4171,16384,8
George Springer,50,0.5257,0.4854,9216,30
George Springer,51,0.5036,0.4658,9728,20
George Springer,52,0.564,0.4808,16384,51
George Springer,53,0.4996,0.4387,10752,17
George Springer,54,0.5264,0.4863,9216,32
George Springer,55,0.493,0.4045,16384,14
George Springer,56,0.4754,0.4137,13312,10
Giancarlo Stanton,0,0.761,0.6413,3584,49
Giancarlo Stanton,1,0.7789,0.6773,13312,54
Giancarlo Stanton,2,0.6345,0.5548,16384,5
Giancarlo Stanton,3,0.7556,0.6452,6144,44
Giancarlo Stanton,4,0.7704,0.6793,5632,51
Giancarlo Stanton,5,0.7599,0.6585,16384,48
Giancarlo Stanton,6,0.772,0.661,16384,53
Giancarlo Stanton,7,0.6919,0.5968,6144,18
Giancarlo Stanton,8,0.7531,0.6386,3072,42
Giancarlo Stanton,9,0.8095,0.6515,16384,57
Giancarlo Stanton,10,0.7022,0.5569,11776,24
Giancarlo Stanton,11,0.7008,0.5551,16384,23
Giancarlo Stanton,12,0.564,0.4627,16384,2
Giancarlo Stanton,13,0.7301,0.5701,16384,35
Giancarlo Stanton,14,0.6383,0.5155,14336,6
Giancarlo Stanton,15,0.5573,0.4425,11264,1
Giancarlo Stanton,16,0.6741,0.5331,10240,10
Giancarlo Stanton,17,0.6865,0.5324,14848,14
Giancarlo Stanton,18,0.6694,0.5344,5632,9
Giancarlo Stanton,19,0.7553,0.6244,16384,43
Giancarlo Stanton,20,0.7257,0.6146,16384,33
Giancarlo Stanton,21,0.6919,0.5842,6656,17
Giancarlo Stanton,22,0.6153,0.5393,3584,4
Giancarlo Stanton,23,0.6904,0.5837,3072,16
Giancarlo Stanton,24,0.6794,0.5885,6656,11
Giancarlo Stanton,25,0.7572,0.6453,16384,45
Giancarlo Stanton,26,0.7575,0.6435,16384,46
Giancarlo Stanton,27,0.7592,0.594,4096,47
Giancarlo Stanton,28,0.7288,0.5928,12288,34
Giancarlo Stanton,29,0.7025,0.5639,8704,26
Giancarlo Stanton,30,0.7361,0.5944,4096,36
Giancarlo Stanton,31,0.7504,0.6445,10752,41
Giancarlo Stanton,32,0.7425,0.6082,14848,38
Giancarlo Stanton,33,0.6931,0.5565,13312,19
Giancarlo Stanton,34,0.7097,0.5927,16384,27
Giancarlo Stanton,35,0.5881,0.5073,16384,3
Giancarlo Stanton,36,0.7481,0.6225,16384,40
Giancarlo Stanton,37,0.7397,0.5683,3072,37
Giancarlo Stanton,38,0.7108,0.5799,16384,29
Giancarlo Stanton,39,0.6973,0.5728,5632,20
Giancarlo Stanton,40,0.6647,0.5456,7680,8
Giancarlo Stanton,41,0.7103,0.5934,7680,28
Giancarlo Stanton,42,0.7143,0.6175,16384,31
Giancarlo Stanton,43,0.718,0.6016,13824,32
Giancarlo Stanton,44,0.7143,0.585,6656,30
Giancarlo Stanton,45,0.6802,0.5775,5632,12
Giancarlo Stanton,46,0.7461,0.5865,16384,39
Giancarlo Stanton,47,0.7022,0.5513,16384,25
Giancarlo Stanton,48,0.7835,0.5878,16384,55
Giancarlo Stanton,49,0.6502,0.5478,3072,7
Giancarlo Stanton,50,0.7708,0.5854,12800,52
Giancarlo Stanton,51,0.7002,0.5535,7680,22
Giancarlo Stanton,52,0.7685,0.5775,16384,50
Giancarlo Stanton,53,0.6887,0.5732,7168,15
Giancarlo Stanton,54,0.8007,0.616,6144,56
Giancarlo Stanton,55,0.6975,0.5389,6144,21
Giancarlo Stanton,56,0.686,0.5575,16384,13
Kris Bryant,0,0.5194,0.5247,16384,42
Kris Bryant,1,0.5411,0.5828,4608,49
Kris Bryant,2,0.4388,0.3992,5120,8
Kris Bryant,3,0.499,0.5195,16384,30
Kris Bryant,4,0.5484,0.5826,5632,52
Kris Bryant,5,0.4371,0.4899,5632,6
Kris Bryant,6,0.5544,0.5723,6656,53
Kris Bryant,7,0.4617,0.4607,7168,13
Kris Bryant,8,0.5223,0.5309,16384,45
Kris Bryant,9,0.5848,0.6079,11776,56
Kris Bryant,10,0.5322,0.4972,4608,47
Kris Bryant,11,0.5729,0.5078,14848,55
Kris Bryant,12,0.4388,0.3954,16384,7
Kris Bryant,13,0.5173,0.4868,6144,38
Kris Bryant,14,0.4906,0.4423,6144,25
Kris Bryant,15,0.4185,0.3539,7680,4
Kris Bryant,16,0.5427,0.478,16384,50
Kris Bryant,17,0.5465,0.4833,5632,51
Kris Bryant,18,0.5333,0.4765,16384,48
Kris Bryant,19,0.5185,0.5078,16384,41
Kris Bryant,20,0.518,0.5165,16384,39
Kris Bryant,21,0.5085,0.4762,6144,34
Kris Bryant,22,0.4032,0.3571,12288,2
Kris Bryant,23,0.4014,0.3951,5632,1
Kris Bryant,24,0.4849,0.4696,8192,22
Kris Bryant,25,0.5166,0.5104,16384,37
Kris Bryant,26,0.5292,0.5358,16384,46
Kris Bryant,27,0.4958,0.4851,16384,28
Kris Bryant,28,0.4642,0.4757,4096,14
Kris Bryant,29,0.4648,0.4244,16384,15
Kris Bryant,30,0.4727,0.4682,16384,19
Kris Bryant,31,0.457,0.4775,16384,12
Kris Bryant,32,0.4772,0.4661,16384,20
Kris Bryant,33,0.4979,0.4507,11264,29
Kris Bryant,34,0.4508,0.4392,11776,9
Kris Bryant,35,0.4116,0.3684,16384,3
Kris Bryant,36,0.4694,0.4859,8704,18
Kris Bryant,37,0.5217,0.4708,16384,44
Kris Bryant,38,0.5183,0.4893,16384,40
Kris Bryant,39,0.5012,0.4735,4096,31
Kris Bryant,40,0.466,0.4214,7680,17
Kris Bryant,41,0.52,0.4992,12800,43
Kris Bryant,42,0.4889,0.4941,5632,24
Kris Bryant,43,0.492,0.4661,6656,26
Kris Bryant,44,0.5099,0.4902,4608,35
Kris Bryant,45,0.429,0.4135,16384,5
Kris Bryant,46,0.5076,0.4746,10240,33
Kris Bryant,47,0.4925,0.4347,10752,27
Kris Bryant,48,0.5858,0.5319,16384,57
Kris Bryant,49,0.4521,0.4075,15872,10
Kris Bryant,50,0.5162,0.4855,16384,36
Kris Bryant,51,0.4796,0.4558,11264,21
Kris Bryant,52,0.5713,0.5089,6656,54
Kris Bryant,53,0.4868,0.4478,16384,23
Kris Bryant,54,0.502,0.4868,16384,32
Kris Bryant,55,0.4651,0.4026,5632,16
Kris Bryant,56,0.4534,0.4131,3584,11
Luis Robert,0,0.5871,0.5746,8192,42
Luis Robert,1,0.571,0.6121,9728,31
Luis Robert,2,0.4852,0.4643,16384,5
Luis Robert,3,0.5652,0.5641,16384,27
Luis Robert,4,0.5678,0.601,9216,29
Luis Robert,5,0.5122,0.547,7168,10
Luis Robert,6,0.6045,0.6085,16384,46
Luis Robert,7,0.5114,0.5178,4096,9
Luis Robert,8,0.5549,0.5624,8192,19
Luis Robert,9,0.6411,0.6345,16384,56
Luis Robert,10,0.5758,0.5048,4608,34
Luis Robert,11,0.6085,0.5109,12288,51
Luis Robert,12,0.4536,0.3824,16384,3
Luis Robert,13,0.6151,0.5347,16384,52
Luis Robert,14,0.529,0.4574,14336,14
Luis Robert,15,0.4534,0.3723,12288,2
Luis Robert,16,0.5825,0.4749,3584,38
Luis Robert,17,0.6057,0.5126,14336,48
Luis Robert,18,0.5803,0.4901,6656,36
Luis Robert,19,0.6057,0.5777,8192,47
Luis Robert,20,0.5757,0.5606,4096,33
Luis Robert,21,0.5732,0.5245,16384,32
Luis Robert,22,0.4694,0.4321,16384,4
Luis Robert,23,0.5098,0.4905,16384,8
Luis Robert,24,0.5271,0.5241,3072,13
Luis Robert,25,0.5885,0.569,16384,44
Luis Robert,26,0.5942,0.5718,16384,45
Luis Robert,27,0.5884,0.5519,6656,43
Luis Robert,28,0.5415,0.5184,3072,16
Luis Robert,29,0.5556,0.4928,16384,20
Luis Robert,30,0.5868,0.5458,16384,41
Luis Robert,31,0.5638,0.559,10240,26
Luis Robert,32,0.562,0.5248,6144,24
Luis Robert,33,0.561,0.496,8704,23
Luis Robert,34,0.5128,0.4955,15360,11
Luis Robert,35,0.4359,0.3837,16384,1
Luis Robert,36,0.5626,0.5469,10752,25
Luis Robert,37,0.6219,0.5306,16384,53
Luis Robert,38,0.6063,0.5391,9216,49
Luis Robert,39,0.5777,0.5337,16384,35
Luis Robert,40,0.5439,0.4902,10240,18
Luis Robert,41,0.5831,0.5328,3072,39
Luis Robert,42,0.5581,0.5514,13312,21
Luis Robert,43,0.5698,0.5272,16384,30
Luis Robert,44,0.5821,0.5408,14336,37
Luis Robert,45,0.4939,0.4588,16384,6
Luis Robert,46,0.5861,0.5148,16384,40
Luis Robert,47,0.5359,0.4625,12288,15
Luis Robert,48,0.6616,0.561,7680,57
Luis Robert,49,0.5204,0.4768,16384,12
Luis Robert,50,0.6064,0.5412,14336,50
Luis Robert,51,0.5672,0.5134,14336,28
Luis Robert,52,0.6285,0.5365,16384,55
Luis Robert,53,0.5425,0.4922,6656,17
Luis Robert,54,0.6254,0.5683,5120,54
Luis Robert,55,0.5603,0.4772,5632,22
Luis Robert,56,0.5063,0.464,4608,7
Manny Machado,0,0.6577,0.5852,4608,49
Manny Machado,1,0.7259,0.6345,3584,57
Manny Machado,2,0.5341,0.4645,16384,5
Manny Machado,3,0.675,0.6031,8192,55
Manny Machado,4,0.672,0.6086,16384,54
Manny Machado,5,0.6466,0.5937,5632,42
Manny Machado,6,0.6696,0.615,3584,50
Manny Machado,7,0.597,0.5369,16384,23
Manny Machado,8,0.6708,0.5948,16384,52
Manny Machado,9,0.7169,0.6311,7168,56
Manny Machado,10,0.6347,0.5062,11776,39
Manny Machado,11,0.6403,0.4926,4096,40
Manny Machado,12,0.4778,0.378,11776,1
Manny Machado,13,0.6521,0.5292,16384,45
Manny Machado,14,0.5544,0.4459,8192,10
Manny Machado,15,0.4795,0.3639,8192,2
Manny Machado,16,0.5992,0.4727,15872,24
Manny Machado,17,0.6263,0.4975,16384,34
Manny Machado,18,0.6219,0.4941,3584,32
Manny Machado,19,0.6555,0.5588,9728,47
Manny Machado,20,0.6544,0.5741,16384,46
Manny Machado,21,0.6084,0.5197,5120,26
Manny Machado,22,0.5051,0.4223,3584,4
Manny Machado,23,0.5873,0.5077,8192,15
Manny Machado,24,0.5727,0.5076,3072,13
Manny Machado,25,0.6277,0.5463,16384,36
Manny Machado,26,0.6496,0.5635,11776,44
Manny Machado,27,0.6315,0.5211,7168,37
Manny Machado,28,0.5881,0.4879,3584,16
Manny Machado,29,0.5633,0.4725,16384,11
Manny Machado,30,0.5961,0.5149,13824,22
Manny Machado,31,0.6145,0.544,16384,28
Manny Machado,32,0.5915,0.494,16384,19
Manny Machado,33,0.5718,0.4593,16384,12
Manny Machado,34,0.5897,0.4985,8704,18
Manny Machado,35,0.4889,0.3946,10752,3
Manny Machado,36,0.649,0.5662,9216,43
Manny Machado,37,0.6255,0.5125,16384,33
Manny Machado,38,0.615,0.5231,16384,29
Manny Machado,39,0.5921,0.5153,7680,20
Manny Machado,40,0.547,0.4653,4608,9
Manny Machado,41,0.6145,0.5378,16384,27
Manny Machado,42,0.6276,0.561,12800,35
Manny Machado,43,0.6015,0.5227,16384,25
Manny Machado,44,0.6205,0.5206,16384,31
Manny Machado,45,0.5442,0.4605,10240,8
Manny Machado,46,0.6328,0.5082,12288,38
Manny Machado,47,0.5743,0.4444,9728,14
Manny Machado,48,0.6718,0.5329,4096,53
Manny Machado,49,0.5387,0.4471,9216,6
Manny Machado,50,0.6452,0.5294,10240,41
Manny Machado,51,0.5936,0.4892,16384,21
Manny Machado,52,0.6568,0.5027,16384,48
Manny Machado,53,0.5895,0.4748,3072,17
Manny Machado,54,0.67,0.5559,8192,51
Manny Machado,55,0.6171,0.4816,3072,30
Manny Machado,56,0.5439,0.4562,16384,7
Mike Trout,0,0.6635,0.5885,6144,44
Mike Trout,1,0.7035,0.6385,8192,52
Mike Trout,2,0.5214,0.459,8192,3
Mike Trout,3,0.6558,0.5898,16384,36
Mike Trout,4,0.6811,0.6204,6656,51
Mike Trout,5,0.6646,0.6092,4608,46
Mike Trout,6,0.6471,0.5919,4096,32
Mike Trout,7,0.6053,0.5366,12800,13
Mike Trout,8,0.6458,0.5773,16384,31
Mike Trout,9,0.7633,0.6605,10240,57
Mike Trout,10,0.6733,0.55,5120,48
Mike Trout,11,0.6776,0.5417,3584,50
Mike Trout,12,0.5015,0.415,16384,2
Mike Trout,13,0.6582,0.5638,5632,38
Mike Trout,14,0.5901,0.4829,8704,8
Mike Trout,15,0.4848,0.3929,4096,1
Mike Trout,16,0.6362,0.5269,16384,25
Mike Trout,17,0.6597,0.5367,8192,40
Mike Trout,18,0.652,0.5473,16384,35
Mike Trout,19,0.6577,0.5859,12288,37
Mike Trout,20,0.6754,0.5953,9216,49
Mike Trout,21,0.6169,0.5384,16384,21
Mike Trout,22,0.5292,0.4661,4608,4
Mike Trout,23,0.6009,0.5419,16384,11
Mike Trout,24,0.6076,0.5387,5120,14
Mike Trout,25,0.6394,0.5831,11776,26
Mike Trout,26,0.6643,0.5887,16384,45
Mike Trout,27,0.6593,0.5877,16384,39
Mike Trout,28,0.6036,0.5559,3072,12
Mike Trout,29,0.6087,0.513,16384,15
Mike Trout,30,0.6449,0.574,16384,30
Mike Trout,31,0.6103,0.5916,16384,17
Mike Trout,32,0.6605,0.5858,8704,41
Mike Trout,33,0.6423,0.5338,6144,28
Mike Trout,34,0.6238,0.5717,12288,22
Mike Trout,35,0.5361,0.4785,4096,6
Mike Trout,36,0.6731,0.6048,16384,47
Mike Trout,37,0.6303,0.5157,10752,24
Mike Trout,38,0.6496,0.5585,16384,33
Mike Trout,39,0.6165,0.5276,11264,20
Mike Trout,40,0.5908,0.5019,16384,9
Mike Trout,41,0.6436,0.5534,16384,29
Mike Trout,42,0.6607,0.5972,13312,43
Mike Trout,43,0.6153,0.5321,16384,19
Mike Trout,44,0.6506,0.5654,16384,34
Mike Trout,45,0.5309,0.4972,16384,5
Mike Trout,46,0.6606,0.5694,7168,42
Mike Trout,47,0.61,0.5116,16384,16
Mike Trout,48,0.7415,0.614,10752,56
Mike Trout,49,0.5425,0.4766,16384,7
Mike Trout,50,0.7041,0.5927,5120,53
Mike Trout,51,0.642,0.5612,9216,27
Mike Trout,52,0.7079,0.5765,13824,55
Mike Trout,53,0.6135,0.5381,16384,18
Mike Trout,54,0.7075,0.6183,6656,54
Mike Trout,55,0.6282,0.5297,7680,23
Mike Trout,56,0.5982,0.5282,16384,10
Mookie Betts,0,0.4621,0.4987,4608,15
Mookie Betts,1,0.4663,0.5348,8704,16
Mookie Betts,2,0.3793,0.3725,12800,1
Mookie Betts,3,0.4582,0.4822,5120,13
Mookie Betts,4,0.4664,0.5378,16384,17
Mookie Betts,5,0.4075,0.4465,16384,5
Mookie Betts,6,0.5234,0.5611,14336,41
Mookie Betts,7,0.406,0.4197,16384,4
Mookie Betts,8,0.4725,0.5078,16384,20
Mookie Betts,9,0.543,0.5996,3072,48
Mookie Betts,10,0.5087,0.5075,16384,37
Mookie Betts,11,0.5588,0.5352,9728,53
Mookie Betts,12,0.4036,0.3965,16384,3
Mookie Betts,13,0.4932,0.4963,16384,29
Mookie Betts,14,0.4803,0.4606,16384,22
Mookie Betts,15,0.3811,0.3675,4608,2
Mookie Betts,16,0.5309,0.5053,16384,43
Mookie Betts,17,0.5351,0.508,16384,47
Mookie Betts,18,0.5095,0.5097,16384,38
Mookie Betts,19,0.5059,0.5176,6656,34
Mookie Betts,20,0.495,0.5177,6656,30
Mookie Betts,21,0.5081,0.4951,13312,36
Mookie Betts,22,0.4155,0.384,16384,8
Mookie Betts,23,0.4087,0.4365,13312,6
Mookie Betts,24,0.448,0.4472,16384,11
Mookie Betts,25,0.4851,0.523,5120,25
Mookie Betts,26,0.5073,0.5191,9728,35
Mookie Betts,27,0.4879,0.5146,6656,26
Mookie Betts,28,0.4743,0.5091,16384,21
Mookie Betts,29,0.5321,0.5063,11264,45
Mookie Betts,30,0.5346,0.5428,9728,46
Mookie Betts,31,0.4459,0.5023,3584,10
Mookie Betts,32,0.498,0.5303,16384,32
Mookie Betts,33,0.5447,0.5223,8192,50
Mookie Betts,34,0.4616,0.4876,10752,14
Mookie Betts,35,0.4091,0.4033,4096,7
Mookie Betts,36,0.4887,0.4998,6656,27
Mookie Betts,37,0.572,0.5228,6656,56
Mookie Betts,38,0.5645,0.5368,11776,55
Mookie Betts,39,0.559,0.5285,11264,54
Mookie Betts,40,0.4924,0.4708,6656,28
Mookie Betts,41,0.5537,0.541,13312,51
Mookie Betts,42,0.482,0.506,16384,23
Mookie Betts,43,0.5313,0.515,3584,44
Mookie Betts,44,0.5288,0.5296,5632,42
Mookie Betts,45,0.4179,0.43,16384,9
Mookie Betts,46,0.519,0.5143,16384,40
Mookie Betts,47,0.498,0.4696,16384,31
Mookie Betts,48,0.5946,0.571,10240,57
Mookie Betts,49,0.4554,0.4436,14848,12
Mookie Betts,50,0.544,0.534,16384,49
Mookie Betts,51,0.5115,0.5129,3072,39
Mookie Betts,52,0.5588,0.5314,3072,52
Mookie Betts,53,0.4719,0.4822,16384,19
Mookie Betts,54,0.5056,0.5135,7168,33
Mookie Betts,55,0.4824,0.4494,7168,24
Mookie Betts,56,0.4671,0.4486,5120,18
Nolan Arenado,0,0.5622,0.5527,5632,45
Nolan Arenado,1,0.5588,0.6012,16384,43
Nolan Arenado,2,0.4479,0.4321,4096,5
Nolan Arenado,3,0.5557,0.5591,3584,40
Nolan Arenado,4,0.563,0.5907,16384,46
Nolan Arenado,5,0.4855,0.5324,12288,11
Nolan Arenado,6,0.56,0.5701,16384,44
Nolan Arenado,7,0.4759,0.4782,5120,9
Nolan Arenado,8,0.536,0.5542,16384,30
Nolan Arenado,9,0.6309,0.6311,16384,57
Nolan Arenado,10,0.5669,0.4987,16384,49
Nolan Arenado,11,0.5906,0.5087,6656,55
Nolan Arenado,12,0.451,0.3991,4608,6
Nolan Arenado,13,0.5701,0.5121,4608,50
Nolan Arenado,14,0.5321,0.4584,16384,29
Nolan Arenado,15,0.4343,0.3527,16384,3
Nolan Arenado,16,0.5539,0.4792,16384,39
Nolan Arenado,17,0.5647,0.4793,16384,47
Nolan Arenado,18,0.5581,0.486,10240,42
Nolan Arenado,19,0.5572,0.5367,4096,41
Nolan Arenado,20,0.5652,0.5588,11776,48
Nolan Arenado,21,0.5286,0.4903,6656,27
Nolan Arenado,22,0.4295,0.3882,14848,2
Nolan Arenado,23,0.4697,0.4571,12288,8
Nolan Arenado,24,0.4905,0.4816,9728,14
Nolan Arenado,25,0.549,0.5429,16384,35
Nolan Arenado,26,0.5514,0.5476,16384,37
Nolan Arenado,27,0.5506,0.5275,16384,36
Nolan Arenado,28,0.506,0.4804,6656,18
Nolan Arenado,29,0.5165,0.49,6656,20
Nolan Arenado,30,0.5271,0.5136,8192,25
Nolan Arenado,31,0.5085,0.52,12288,19
Nolan Arenado,32,0.5273,0.5177,5120,26
Nolan Arenado,33,0.5227,0.4624,16384,21
Nolan Arenado,34,0.4857,0.473,16384,12
Nolan Arenado,35,0.4292,0.38,16384,1
Nolan Arenado,36,0.494,0.4919,10240,16
Nolan Arenado,37,0.5713,0.5092,16384,51
Nolan Arenado,38,0.5443,0.4977,13312,34
Nolan Arenado,39,0.5271,0.4974,8704,24
Nolan Arenado,40,0.4899,0.4504,9728,13
Nolan Arenado,41,0.5516,0.5179,9728,38
Nolan Arenado,42,0.5239,0.5116,16384,22
Nolan Arenado,43,0.5309,0.4895,16384,28
Nolan Arenado,44,0.5418,0.5114,16384,32
Nolan Arenado,45,0.4478,0.4156,16384,4
Nolan Arenado,46,0.5727,0.5179,4096,52
Nolan Arenado,47,0.5261,0.4507,16384,23
Nolan Arenado,48,0.5984,0.5367,9216,56
Nolan Arenado,49,0.4695,0.4293,6656,7
Nolan Arenado,50,0.5744,0.5201,8704,53
Nolan Arenado,51,0.5436,0.4958,5632,33
Nolan Arenado,52,0.5863,0.521,3584,54
Nolan Arenado,53,0.4953,0.4711,3584,17
Nolan Arenado,54,0.5395,0.5002,8192,31
Nolan Arenado,55,0.4918,0.4209,16384,15
Nolan Arenado,56,0.484,0.4331,5632,10
