hitter,n_clusters,total_draws,mean_pitch_value,pitch_type_robustness_score,vulnerability_gap,robust_value_score,worst_cluster_mean,best_cluster_mean,cluster_mean_std,cluster_mean_range,bottom_k,bottom_clusters,best_clusters,pitch_type_robustness_rank,vulnerability_gap_rank,robust_value_rank
Aaron Judge,57,592384,0.6223,0.5027,0.1197,0.5625,0.464,0.7789,0.0583,0.3149,6,"15,12,35,22,2,45","48,4,10,6,1,9",4,11,3
Alex Bregman,57,627200,0.5628,0.4617,0.1011,0.5122,0.4499,0.6682,0.0498,0.2183,6,"35,22,2,15,12,45","6,11,4,52,9,48",7,6,7
Evan Longoria,57,649728,0.5994,0.4822,0.1172,0.5408,0.4637,0.7547,0.0566,0.2911,6,"35,12,15,22,2,45","13,50,17,52,48,9",5,10,5
George Springer,57,638976,0.518,0.4367,0.0813,0.4774,0.418,0.6344,0.0432,0.2164,6,"35,15,22,12,23,2","13,11,1,6,48,9",9,2,9
Giancarlo Stanton,57,631296,0.712,0.5996,0.1124,0.6558,0.5573,0.8095,0.0533,0.2522,6,"15,12,35,22,2,14","50,6,1,48,54,9",1,8,1
Kris Bryant,57,642048,0.4948,0.4168,0.078,0.4558,0.4014,0.5858,0.0439,0.1844,6,"23,22,35,15,45,5","4,6,52,11,9,48",10,1,10
Luis Robert,57,655872,0.5613,0.4652,0.0961,0.5133,0.4359,0.6616,0.0473,0.2257,6,"35,15,12,22,2,45","13,37,54,52,9,48",6,5,6
Manny Machado,57,613888,0.6091,0.504,0.1051,0.5565,0.4778,0.7259,0.0536,0.2481,6,"12,15,35,22,2,49","8,48,4,3,9,1",3,7,4
Mike Trout,57,646144,0.633,0.5173,0.1157,0.5752,0.4848,0.7633,0.0548,0.2785,6,"15,12,2,22,45,35","1,50,54,52,48,9",2,9,2
Mookie Betts,57,632320,0.4903,0.3977,0.0926,0.444,0.3793,0.5946,0.0504,0.2152,6,"2,15,12,7,5,23","52,11,39,38,37,48",11,4,11
Nolan Arenado,57,638976,0.5266,0.4399,0.0867,0.4833,0.4292,0.6309,0.0449,0.2018,6,"35,22,15,45,2,12","46,50,52,11,48,9",8,3,8
